date,open,high,low,close,volume,oi
2020-01-01,39108.0,39113.0,38957.0,39067.0,2811,15070
2020-01-02,39051.0,39400.0,39041.0,39277.0,14129,14929
2020-01-03,39500.0,40143.0,39500.0,40112.0,20359,15033
2020-01-06,40250.0,41096.0,40250.0,40472.0,21494,13778
2020-01-07,40350.0,40693.0,40203.0,40663.0,16488,14165
2020-01-08,40946.0,41293.0,39922.0,40110.0,29937,12644
2020-01-09,40036.0,40144.0,39610.0,39830.0,18786,12249
2020-01-10,39718.0,39913.0,39568.0,39871.0,15612,11752
2020-01-13,39722.0,39801.0,39523.0,39546.0,13476,11294
2020-01-14,39500.0,39530.0,39262.0,39447.0,12155,11318
2020-01-15,39646.0,39708.0,39477.0,39611.0,10788,11399
2020-01-16,39655.0,39775.0,39588.0,39686.0,9417,11535
2020-01-17,39730.0,39983.0,39702.0,39946.0,10632,11429
2020-01-20,39900.0,40000.0,39880.0,39947.0,7123,10852
2020-01-21,40090.0,40176.0,39675.0,39911.0,14864,10152
2020-01-22,39817.0,39974.0,39752.0,39913.0,9304,9903
2020-01-23,39904.0,40311.0,39836.0,40283.0,12420,9625
2020-01-24,40214.0,40440.0,39951.0,40352.0,14736,8601
2020-01-27,40500.0,40810.0,40480.0,40585.0,13926,7103
2020-01-28,40562.0,40608.0,40156.0,40242.0,13192,5378
2020-01-29,40111.0,40458.0,40066.0,40350.0,12110,3071
2020-01-30,40486.0,41068.0,40472.0,40975.0,5908,808
2020-01-31,41014.0,41145.0,40571.0,41000.0,976,335
2020-02-01,41035.0,41297.0,40820.0,41248.0,70,297
2020-02-03,41011.0,41050.0,40371.0,40661.0,93,239
2020-02-04,40408.0,40500.0,40112.0,40302.0,24,109
2020-02-05,40201.0,40280.0,40000.0,40411.0,10,1
2020-02-06,40081.0,40421.0,40030.0,40351.0,11315,16553
2020-02-07,40393.0,40724.0,40302.0,40644.0,13029,16901
2020-02-10,40566.0,40715.0,40514.0,40679.0,8335,16700
2020-02-11,40566.0,40577.0,40300.0,40410.0,11523,16209
2020-02-12,40431.0,40549.0,40306.0,40484.0,9977,16235
2020-02-13,40551.0,40700.0,40513.0,40656.0,9873,16196
2020-02-14,40601.0,41010.0,40573.0,40979.0,10117,16559
2020-02-17,40889.0,40925.0,40720.0,40756.0,6982,15679
2020-02-18,40900.0,41480.0,40900.0,41420.0,14832,16765
2020-02-19,41408.0,41619.0,41350.0,41586.0,13647,16883
2020-02-20,41651.0,42158.0,41500.0,42039.0,19361,16913
2020-02-21,42210.0,42790.0,42210.0,42666.0,13350,17173
2020-02-24,42932.0,43788.0,42932.0,43580.0,25487,16124
2020-02-25,43176.0,43176.0,42371.0,42788.0,26431,14899
2020-02-26,42536.0,42854.0,42100.0,42504.0,19747,14433
2020-02-27,42640.0,42976.0,42322.0,42385.0,20941,14240
2020-02-28,42670.0,42747.0,41275.0,41397.0,34985,13159
2020-03-02,41738.0,42343.0,41646.0,41956.0,22688,12729
2020-03-03,41927.0,43517.0,41873.0,43474.0,26800,13377
2020-03-04,43357.0,43778.0,43293.0,43569.0,20038,13586
2020-03-05,43504.0,44503.0,43243.0,44458.0,22496,13654
2020-03-06,44574.0,44961.0,43432.0,44158.0,35385,12548
2020-03-09,44575.0,44772.0,43851.0,44353.0,21977,11773
2020-03-10,43836.0,43941.0,43530.0,43740.0,9599,11457
2020-03-11,43744.0,43875.0,43275.0,43355.0,14840,11168
2020-03-12,43302.0,43637.0,41567.0,42206.0,28695,9522
2020-03-13,41750.0,42070.0,40055.0,40348.0,25321,8243
2020-03-16,40982.0,41199.0,38400.0,39518.0,37152,7006
2020-03-17,39489.0,40934.0,38650.0,40244.0,24015,6733
2020-03-18,40127.0,40447.0,39318.0,39723.0,22185,6648
2020-03-19,39307.0,40099.0,39052.0,39831.0,14770,6357
2020-03-20,39900.0,40948.0,39838.0,40358.0,15280,5695
2020-03-23,40721.0,41310.0,39765.0,41163.0,13219,4950
2020-03-24,42184.0,42184.0,39929.0,41379.0,12735,4282
2020-03-25,41379.0,42785.0,40811.0,42217.0,7591,3214
2020-03-26,42001.0,44535.0,41430.0,43542.0,7069,1864
2020-03-27,42800.0,43760.0,42800.0,43571.0,4801,359
2020-03-30,43450.0,44190.0,43212.0,43842.0,402,106
2020-03-31,43799.0,43840.0,43130.0,43255.0,73,82
2020-04-01,43261.0,43550.0,43080.0,43357.0,14,69
2020-04-03,44657.0,45800.0,43650.0,43701.0,60,28
2020-04-07,44000.0,45724.0,44000.0,45081.0,5488,17068
2020-04-08,44777.0,45036.0,44686.0,44941.0,3156,17011
2020-04-09,44838.0,45327.0,44838.0,45294.0,3268,17285
2020-04-13,45800.0,46385.0,45622.0,46286.0,4863,17390
2020-04-15,46445.0,46785.0,46060.0,46710.0,6984,17427
2020-04-16,46600.0,47327.0,46526.0,47258.0,4889,17327
2020-04-17,46700.0,46700.0,45614.0,45735.0,8040,16729
2020-04-20,45465.0,45795.0,45310.0,45714.0,6654,16407
2020-04-21,45825.0,46289.0,45050.0,45325.0,8993,16138
2020-04-22,45768.0,46245.0,45560.0,46167.0,7766,16132
2020-04-23,46280.0,46733.0,46166.0,46427.0,9878,15880
2020-04-24,46322.0,46900.0,46110.0,46527.0,10862,15693
2020-04-27,46511.0,46650.0,46125.0,46191.0,9198,15130
2020-04-28,46000.0,46133.0,45576.0,46066.0,10138,14712
2020-04-29,45925.0,46177.0,45460.0,45546.0,10499,13665
2020-04-30,45801.0,45940.0,44740.0,44906.0,11958,13641
2020-05-01,45008.0,45600.0,44750.0,45527.0,7401,13691
2020-05-04,45565.0,45978.0,45461.0,45807.0,8798,13477
2020-05-05,45527.0,45784.0,45311.0,45751.0,8779,13348
2020-05-06,45641.0,45848.0,45320.0,45371.0,9541,13282
2020-05-07,45430.0,46209.0,45340.0,46161.0,9318,13489
2020-05-08,46377.0,46377.0,45755.0,45812.0,11227,13008
2020-05-11,45801.0,45960.0,45590.0,45781.0,9790,12799
2020-05-12,45878.0,45970.0,45544.0,45625.0,10994,12385
2020-05-13,45613.0,46090.0,45501.0,45981.0,11104,12633
2020-05-14,46062.0,46795.0,46062.0,46654.0,13054,12953
2020-05-15,46711.0,47462.0,46641.0,47381.0,12365,12797
2020-05-18,47659.0,47980.0,46559.0,46655.0,16310,11846
2020-05-19,46802.0,47181.0,46481.0,47050.0,12209,11067
2020-05-20,47181.0,47354.0,46800.0,47131.0,10944,10507
2020-05-21,47050.0,47050.0,46241.0,46388.0,10898,9130
2020-05-22,46466.0,47130.0,46464.0,47056.0,11295,8393
2020-05-25,46808.0,47050.0,46650.0,46973.0,4157,7865
2020-05-26,47049.0,47150.0,46257.0,46322.0,13656,6044
2020-05-27,46307.0,46570.0,45775.0,46531.0,13868,4327
2020-05-28,46444.0,46860.0,46288.0,46405.0,10591,2582
2020-05-29,46523.0,46868.0,46394.0,46654.0,7904,860
2020-06-01,46571.0,47300.0,46520.0,47083.0,411,715
2020-06-02,47170.0,47200.0,46600.0,46796.0,62,53
2020-06-03,46700.0,46700.0,45900.0,46099.0,40,25
2020-06-04,46599.0,46904.0,46599.0,46727.0,8,17
2020-06-05,46750.0,46750.0,46301.0,46591.0,4,1
2020-06-08,45793.0,46160.0,45748.0,46101.0,10220,13225
2020-06-09,46075.0,46737.0,45950.0,46594.0,13275,13582
2020-06-10,46602.0,46949.0,46554.0,46626.0,9875,13607
2020-06-11,46750.0,47680.0,46750.0,47414.0,16911,14285
2020-06-12,47150.0,47550.0,47065.0,47334.0,11826,14075
2020-06-15,47199.0,47246.0,46546.0,47026.0,12924,13471
2020-06-16,47180.0,47650.0,46960.0,47567.0,14471,13987
2020-06-17,47450.0,47483.0,46967.0,47338.0,11891,13469
2020-06-18,47301.0,47619.0,47110.0,47355.0,12937,13485
2020-06-19,47399.0,47980.0,47328.0,47937.0,11456,14130
2020-06-22,48000.0,48289.0,47792.0,47944.0,12350,13723
2020-06-23,47864.0,48272.0,47731.0,48232.0,13901,14302
2020-06-24,48333.0,48589.0,48035.0,48134.0,17250,14055
2020-06-25,48114.0,48173.0,47823.0,47941.0,12368,13572
2020-06-26,47902.0,48348.0,47700.0,48305.0,16166,13520
2020-06-29,48365.0,48462.0,48150.0,48244.0,10048,13148
2020-06-30,48270.0,48825.0,48180.0,48762.0,14230,13352
2020-07-01,48814.0,48982.0,48051.0,48267.0,17218,12449
2020-07-02,48174.0,48273.0,47606.0,48158.0,16476,11857
2020-07-03,48053.0,48190.0,47950.0,48046.0,8760,11204
2020-07-06,47970.0,48285.0,47775.0,48225.0,14508,10768
2020-07-07,48210.0,48825.0,48101.0,48800.0,15356,10977
2020-07-08,48704.0,49348.0,48642.0,49159.0,14922,10529
2020-07-09,49139.0,49312.0,48756.0,48878.0,15857,9817
2020-07-10,48919.0,49230.0,48710.0,48863.0,13601,9383
2020-07-13,49046.0,49265.0,48915.0,49148.0,11663,9101
2020-07-14,49050.0,49291.0,48770.0,49259.0,13403,8960
2020-07-15,49228.0,49270.0,48914.0,49159.0,12498,8500
2020-07-16,49104.0,49245.0,48727.0,48773.0,10922,8274
2020-07-17,48796.0,49025.0,48713.0,48967.0,10246,7683
2020-07-20,48910.0,49175.0,48858.0,49027.0,9863,7295
2020-07-21,49078.0,49579.0,49036.0,49527.0,12607,7053
2020-07-22,49931.0,50199.0,49630.0,50078.0,18005,6572
2020-07-23,50191.0,50936.0,50125.0,50700.0,16866,5603
2020-07-24,50809.0,51184.0,50570.0,51035.0,12222,4911
2020-07-27,51749.0,52220.0,51657.0,52101.0,13398,4439
2020-07-28,52186.0,52698.0,51277.0,52591.0,19551,2982
2020-07-29,52550.0,53399.0,52364.0,53187.0,13369,1542
2020-07-30,53390.0,53429.0,52700.0,53138.0,3115,647
2020-07-31,53526.0,53920.0,53450.0,53828.0,537,617
2020-08-03,54194.0,54199.0,53564.0,53997.0,76,608
2020-08-04,54223.0,54560.0,53708.0,54064.0,23,456
2020-08-05,54900.0,55450.0,54900.0,54206.0,6,184
2020-08-06,55265.0,56079.0,55241.0,55845.0,16223,16146
2020-08-07,55965.0,56191.0,54690.0,54789.0,18313,16056
2020-08-10,55049.0,55449.0,54861.0,54946.0,10970,16084
2020-08-11,54750.0,54750.0,51712.0,51929.0,27980,15963
2020-08-12,51650.0,52598.0,49955.0,52254.0,27251,15546
2020-08-13,52365.0,53038.0,51802.0,52930.0,14841,15516
2020-08-14,52675.0,52797.0,51840.0,52227.0,14512,15280
2020-08-17,52151.0,53443.0,52113.0,53275.0,12895,15428
2020-08-18,53415.0,53999.0,51800.0,53571.0,19276,15389
2020-08-19,53450.0,53493.0,52302.0,52622.0,14796,15269
2020-08-20,52550.0,52550.0,51721.0,52151.0,15613,15110
2020-08-21,52160.0,52409.0,51239.0,52016.0,16218,15327
2020-08-24,51860.0,52232.0,51160.0,51269.0,13925,15158
2020-08-25,51350.0,51533.0,50820.0,50924.0,12492,15388
2020-08-26,51165.0,51876.0,50551.0,51779.0,16329,15125
2020-08-27,51601.0,52160.0,50533.0,50902.0,21222,15549
2020-08-28,50890.0,51750.0,50890.0,51448.0,16279,14840
2020-08-31,51540.0,51875.0,51460.0,51701.0,13260,14639
2020-09-01,52000.0,52100.0,51303.0,51502.0,11763,14509
2020-09-02,51449.0,51555.0,50696.0,50821.0,14492,14210
2020-09-03,50964.0,51068.0,50500.0,50742.0,14339,13755
2020-09-04,50865.0,51082.0,50362.0,50678.0,13107,13559
2020-09-07,50801.0,51200.0,50680.0,51065.0,6721,13333
2020-09-08,50800.0,51406.0,50629.0,51353.0,14834,12763
2020-09-09,51165.0,51480.0,50872.0,51402.0,12113,12278
2020-09-10,51430.0,51851.0,51242.0,51774.0,10823,12110
2020-09-11,51431.0,51684.0,51224.0,51319.0,9559,11561
2020-09-14,51599.0,51847.0,51334.0,51687.0,10654,11108
2020-09-15,51850.0,52182.0,51561.0,51769.0,12375,10474
2020-09-16,51839.0,52127.0,51750.0,51824.0,11398,10009
2020-09-17,51710.0,51710.0,51181.0,51453.0,12780,9240
2020-09-18,51559.0,51849.0,51453.0,51715.0,10017,8433
2020-09-21,51650.0,51650.0,49815.0,50471.0,19072,7899
2020-09-22,50560.0,50686.0,50129.0,50381.0,12782,7466
2020-09-23,50380.0,50380.0,49444.0,49508.0,17932,7708
2020-09-24,49400.0,50050.0,49248.0,49904.0,15555,4443
2020-09-25,49826.0,49900.0,49380.0,49659.0,10618,2966
2020-09-28,49474.0,50197.0,49315.0,50133.0,5678,531
2020-09-29,50194.0,50739.0,50059.0,50681.0,679,107
2020-09-30,50559.0,50860.0,50150.0,50404.0,105,67
2020-10-01,50400.0,50940.0,50300.0,50470.0,9,67
2020-10-05,50600.0,50600.0,50100.0,50331.0,20,67
2020-10-07,50270.0,50361.0,49880.0,50048.0,12467,15094
2020-10-08,49972.0,50399.0,49924.0,50175.0,10969,14974
2020-10-09,50300.0,50970.0,50300.0,50817.0,11952,14966
2020-10-12,50940.0,51184.0,50830.0,51107.0,8535,14811
2020-10-13,50870.0,51078.0,50110.0,50245.0,14099,14660
2020-10-14,50369.0,50740.0,50270.0,50542.0,10790,14449
2020-10-15,50314.0,50749.0,50280.0,50712.0,12140,14435
2020-10-16,50586.0,50813.0,50452.0,50547.0,8886,14323
2020-10-19,50552.0,50940.0,50437.0,50687.0,9820,14036
2020-10-20,50600.0,50940.0,50491.0,50910.0,11143,13934
2020-10-21,50950.0,51454.0,50915.0,51333.0,13374,13828
2020-10-22,51199.0,51199.0,50535.0,50766.0,11850,13262
2020-10-23,50865.0,51040.0,50643.0,50839.0,10617,13281
2020-10-26,50690.0,51125.0,50552.0,50930.0,11399,13379
2020-10-27,51065.0,51114.0,50704.0,50961.0,11064,13235
2020-10-28,51065.0,51065.0,50230.0,50495.0,14730,13197
2020-10-29,50446.0,50617.0,50070.0,50282.0,13327,13188
2020-10-30,50465.0,50870.0,50353.0,50699.0,10538,12999
2020-11-02,50777.0,51099.0,50612.0,51067.0,9513,12678
2020-11-03,50950.0,51630.0,50789.0,51598.0,10881,12782
2020-11-04,51320.0,51465.0,50773.0,50820.0,14819,12198
2020-11-05,51231.0,52176.0,51161.0,52055.0,13982,12638
2020-11-06,51912.0,52450.0,51711.0,52167.0,14872,12463
2020-11-09,52270.0,52520.0,49500.0,49748.0,26541,10824
2020-11-10,49931.0,50664.0,49931.0,50501.0,14409,10264
2020-11-11,50444.0,50525.0,49944.0,50169.0,12491,9760
2020-11-12,50315.0,50790.0,50217.0,50600.0,11188,8880
2020-11-13,50665.0,51139.0,50609.0,50922.0,9401,8343
2020-11-14,51015.0,51080.0,50862.0,50986.0,995,8310
2020-11-16,50931.0,51015.0,50150.0,50830.0,7829,8237
2020-11-17,50800.0,51029.0,50703.0,50766.0,10092,7641
2020-11-18,50600.0,50646.0,50053.0,50325.0,12958,6978
2020-11-19,50200.0,50200.0,49720.0,49992.0,12671,6506
2020-11-20,50041.0,50435.0,49857.0,50212.0,10727,5258
2020-11-23,50234.0,50350.0,49291.0,49480.0,15166,4646
2020-11-24,49262.0,49262.0,48514.0,48585.0,16733,4033
2020-11-25,48497.0,48885.0,48390.0,48513.0,12332,3397
2020-11-26,48524.0,48800.0,48425.0,48517.0,7892,2101
2020-11-27,48508.0,48647.0,47800.0,48125.0,10101,462
2020-11-30,47680.0,47966.0,47550.0,47792.0,456,172
2020-12-01,48194.0,48559.0,47705.0,48275.0,40,149
2020-12-02,48499.0,48849.0,48400.0,48643.0,7,147
2020-12-03,49874.0,49936.0,49093.0,49419.0,11,4
2020-12-04,49350.0,50001.0,49100.0,49162.0,6,3
2020-12-07,49231.0,50060.0,48874.0,49946.0,10413,11789
2020-12-08,50065.0,50175.0,49711.0,50109.0,8379,11790
2020-12-09,49850.0,49886.0,49140.0,49260.0,12537,11647
2020-12-10,49165.0,49500.0,48935.0,49077.0,9557,11559
2020-12-11,49150.0,49438.0,48875.0,49324.0,9682,11492
2020-12-14,49101.0,49133.0,48602.0,48939.0,9953,11419
2020-12-15,49035.0,49589.0,49007.0,49443.0,9974,11385
2020-12-16,49510.0,49850.0,49452.0,49597.0,11576,11153
2020-12-17,49720.0,50642.0,49720.0,50390.0,12905,11406
2020-12-18,50319.0,50469.0,50105.0,50304.0,7908,11371
2020-12-21,50515.0,51009.0,49712.0,50416.0,15046,10988
2020-12-22,50527.0,50540.0,49923.0,50081.0,9647,10572
2020-12-23,50042.0,50280.0,49680.0,50149.0,11403,10279
2020-12-24,50151.0,50186.0,49878.0,50073.0,7960,10016
2020-12-28,50200.0,50580.0,49915.0,50013.0,11882,9911
2020-12-29,50051.0,50195.0,49860.0,50039.0,9446,9796
2020-12-30,50179.0,50179.0,49857.0,50135.0,7419,9747
2020-12-31,50059.0,50290.0,50002.0,50151.0,7016,9992
2021-01-01,50180.0,50280.0,50128.0,50244.0,1234,9961
2021-01-04,50300.0,51490.0,50300.0,51424.0,12991,10234
2021-01-05,51397.0,51780.0,51333.0,51720.0,10600,10163
2021-01-06,51555.0,51875.0,50401.0,50509.0,19218,8948
2021-01-07,50740.0,51046.0,50660.0,50904.0,10818,8370
2021-01-08,50755.0,50799.0,48818.0,48967.0,19741,8999
2021-01-11,48786.0,49390.0,48635.0,49341.0,11768,8547
2021-01-12,49320.0,49570.0,48933.0,49045.0,9184,8598
2021-01-13,49130.0,49447.0,49130.0,49305.0,7229,7747
2021-01-14,49000.0,49268.0,48751.0,49221.0,10468,7099
2021-01-15,49088.0,49327.0,48537.0,48702.0,11325,7385
2021-01-18,48669.0,48995.0,48608.0,48894.0,6327,6867
2021-01-19,48965.0,49070.0,48750.0,48983.0,8032,6533
2021-01-20,49077.0,49640.0,48801.0,49534.0,13561,5559
2021-01-21,49699.0,49765.0,49323.0,49448.0,8746,5273
2021-01-22,49355.0,49399.0,48685.0,49140.0,11639,5011
2021-01-25,49155.0,49346.0,48925.0,49143.0,8727,4206
2021-01-27,48903.0,48980.0,48511.0,48865.0,9415,3747
2021-01-28,48700.0,49290.0,48521.0,48624.0,10257,2493
2021-01-29,48624.0,49485.0,48624.0,49096.0,8257,667
2021-02-01,49370.0,49400.0,47200.0,48394.0,992,266
2021-02-02,48265.0,48265.0,47606.0,47751.0,66,176
2021-02-03,47925.0,47955.0,47725.0,47750.0,36,54
2021-02-04,47400.0,47400.0,46600.0,46965.0,13,29
2021-02-05,47075.0,47080.0,47075.0,47360.0,2,18
2021-02-08,47152.0,47957.0,47152.0,47839.0,10406,12789
2021-02-09,48000.0,48235.0,47779.0,47948.0,9545,12315
2021-02-10,48000.0,48374.0,47822.0,48013.0,10333,12066
2021-02-11,47837.0,48100.0,47456.0,47508.0,8904,12535
2021-02-12,47411.0,47586.0,47111.0,47318.0,9551,12655
2021-02-15,47436.0,47455.0,47202.0,47241.0,6160,12405
2021-02-16,47409.0,47480.0,46682.0,46899.0,13845,12876
2021-02-17,46800.0,46800.0,46162.0,46237.0,12286,13623
2021-02-18,46409.0,46498.0,46011.0,46126.0,10062,13750
2021-02-19,45986.0,46490.0,45861.0,46197.0,11107,13440
2021-02-22,46335.0,46966.0,46238.0,46901.0,12748,12798
2021-02-23,46973.0,46985.0,46589.0,46802.0,8952,12860
2021-02-24,46808.0,46857.0,46268.0,46522.0,11487,13118
2021-02-25,46443.0,46655.0,46060.0,46241.0,13829,13253
2021-02-26,46340.0,46689.0,45611.0,45736.0,17952,13719
2021-03-01,46000.0,46139.0,45215.0,45308.0,11653,14052
2021-03-02,45066.0,45650.0,44975.0,45548.0,12351,12988
2021-03-03,45524.0,45544.0,44561.0,44948.0,12643,13442
2021-03-04,44735.0,44962.0,44471.0,44541.0,12203,13167
2021-03-05,44444.0,44720.0,44217.0,44683.0,11917,12300
2021-03-08,44756.0,44780.0,44150.0,44218.0,10347,12105
2021-03-09,44349.0,44963.0,44263.0,44857.0,11352,11130
2021-03-10,44730.0,44944.0,44630.0,44792.0,8857,10867
2021-03-11,44950.0,45167.0,44774.0,44879.0,5583,10751
2021-03-12,44741.0,44785.0,44271.0,44750.0,9788,10163
2021-03-15,44790.0,45047.0,44730.0,44900.0,8094,9625
2021-03-16,44950.0,45086.0,44766.0,44813.0,7816,9161
2021-03-17,44890.0,45037.0,44756.0,44840.0,6443,8724
2021-03-18,44892.0,45299.0,44626.0,44951.0,9762,8103
2021-03-19,44928.0,45137.0,44801.0,45021.0,7521,8165
2021-03-22,44974.0,45040.0,44630.0,44905.0,7027,7736
2021-03-23,44786.0,44995.0,44590.0,44646.0,7964,7760
2021-03-24,44800.0,44895.0,44673.0,44860.0,7251,7155
2021-03-25,44892.0,45028.0,44601.0,44695.0,9090,5988
2021-03-26,44635.0,44788.0,44441.0,44642.0,8120,3025
2021-03-29,44520.0,44550.0,43320.0,43545.0,3696,1563
2021-03-30,43669.0,44300.0,43669.0,43873.0,406,201
2021-03-31,43870.0,44672.0,43711.0,44637.0,59,119
2021-04-01,44650.0,44865.0,44650.0,44767.0,29,61
2021-04-05,44900.0,45050.0,44886.0,44598.0,7,17
2021-04-06,45420.0,45974.0,45420.0,45919.0,6750,12432
2021-04-07,45766.0,46420.0,45742.0,46362.0,8116,12286
2021-04-08,46299.0,46900.0,46240.0,46838.0,9518,12202
2021-04-09,46766.0,46887.0,46314.0,46593.0,8587,11834
2021-04-12,46545.0,46777.0,46400.0,46419.0,7990,11518
2021-04-13,46450.0,47033.0,46367.0,46975.0,7677,11674
2021-04-14,46851.0,46930.0,46556.0,46608.0,3860,11576
2021-04-15,46680.0,47279.0,46680.0,47175.0,8936,11395
2021-04-16,47099.0,47432.0,46820.0,47353.0,8237,11363
2021-04-19,47353.0,47850.0,47280.0,47393.0,8970,11268
2021-04-20,47424.0,47901.0,47128.0,47857.0,10152,11245
2021-04-21,47939.0,48429.0,47936.0,48228.0,4553,11245
2021-04-22,48252.0,48260.0,47660.0,47772.0,7807,10900
2021-04-23,47885.0,48026.0,47384.0,47532.0,8164,10949
2021-04-26,47604.0,47650.0,47253.0,47462.0,5775,10813
2021-04-27,47465.0,47515.0,47273.0,47303.0,5447,10791
2021-04-28,47150.0,47273.0,46800.0,47093.0,6868,10662
2021-04-29,47245.0,47299.0,46462.0,46726.0,9583,10648
2021-04-30,46743.0,46819.0,46605.0,46737.0,6325,10418
2021-05-03,46921.0,47450.0,46921.0,47319.0,8624,10587
2021-05-04,47226.0,47451.0,46717.0,46871.0,9933,10373
2021-05-05,46979.0,47046.0,46650.0,47000.0,6593,10263
2021-05-06,47072.0,47643.0,47000.0,47595.0,9942,10286
2021-05-07,47654.0,48050.0,47520.0,47751.0,10599,9761
2021-05-10,47820.0,48144.0,47755.0,47951.0,6988,9482
2021-05-11,47952.0,48013.0,47325.0,47633.0,9708,7887
2021-05-12,47497.0,47862.0,47374.0,47482.0,7496,7483
2021-05-13,47356.0,47530.0,47211.0,47438.0,3596,7496
2021-05-14,47368.0,47711.0,47337.0,47676.0,5880,7039
2021-05-17,47989.0,48499.0,47910.0,48474.0,8420,6596
2021-05-18,48419.0,48490.0,48215.0,48307.0,5736,6277
2021-05-19,48261.0,48875.0,47950.0,48674.0,10507,6196
2021-05-20,48598.0,48665.0,48269.0,48544.0,6107,6103
2021-05-21,48336.0,48670.0,48230.0,48404.0,6896,5721
2021-05-24,48450.0,48640.0,48368.0,48553.0,4345,5478
2021-05-25,48425.0,48894.0,48333.0,48867.0,8127,5474
2021-05-26,49067.0,49220.0,48666.0,48784.0,7206,4817
2021-05-27,48751.0,48870.0,48451.0,48581.0,7687,2593
2021-05-28,48432.0,48603.0,48250.0,48542.0,5619,896
2021-05-31,48690.0,48967.0,48540.0,48821.0,1027,439
2021-06-01,49049.0,49225.0,48710.0,48995.0,71,62
2021-06-02,49100.0,49220.0,49075.0,49154.0,7,31
2021-06-03,49163.0,49670.0,48570.0,48990.0,14,14
2021-06-04,48600.0,48600.0,48600.0,48769.0,3,11
2021-06-07,48947.0,49175.0,48782.0,49143.0,4077,11899
2021-06-08,49146.0,49350.0,48932.0,49127.0,6269,11746
2021-06-09,49150.0,49269.0,49024.0,49124.0,5041,11529
2021-06-10,49018.0,49263.0,48675.0,49198.0,8793,11539
2021-06-11,49283.0,49399.0,48865.0,48903.0,6845,11070
2021-06-14,48750.0,48750.0,48105.0,48523.0,9041,10962
2021-06-15,48509.0,48732.0,48348.0,48424.0,6082,10690
2021-06-16,48458.0,48565.0,48367.0,48506.0,4639,10548
2021-06-17,48250.0,48250.0,46744.0,46958.0,12506,10837
2021-06-18,47147.0,47387.0,46668.0,46728.0,7702,11152
2021-06-21,46900.0,47155.0,46633.0,47074.0,6006,10765
2021-06-22,47178.0,47247.0,46869.0,47011.0,6372,10907
2021-06-23,47093.0,47318.0,46962.0,47072.0,6664,10628
2021-06-24,46950.0,47159.0,46811.0,46870.0,6140,10847
2021-06-25,46948.0,47213.0,46835.0,46925.0,6797,10703
2021-06-28,46965.0,47118.0,46865.0,47008.0,5491,10854
2021-06-29,46880.0,46970.0,46330.0,46555.0,9761,11278
2021-06-30,46594.0,46933.0,46461.0,46839.0,6347,10994
2021-07-01,46930.0,47210.0,46903.0,47039.0,6299,10528
2021-07-02,47139.0,47515.0,47139.0,47285.0,7286,10594
2021-07-05,47349.0,47425.0,47250.0,47299.0,3426,10434
2021-07-06,47350.0,48000.0,47350.0,47684.0,9358,10281
2021-07-07,47761.0,47999.0,47655.0,47910.0,6199,10095
2021-07-08,47759.0,48290.0,47601.0,47721.0,11002,9401
2021-07-09,47844.0,47948.0,47621.0,47923.0,6561,9023
2021-07-12,47807.0,47870.0,47477.0,47774.0,8355,8508
2021-07-13,47875.0,48071.0,47715.0,47889.0,8408,8297
2021-07-14,47982.0,48369.0,47930.0,48299.0,8400,8331
2021-07-15,48270.0,48501.0,48160.0,48400.0,6856,7742
2021-07-16,48378.0,48389.0,47975.0,48053.0,7593,6921
2021-07-19,48083.0,48236.0,47780.0,48094.0,8750,6319
2021-07-20,48240.0,48295.0,47771.0,47876.0,7870,6050
2021-07-21,47750.0,47750.0,47500.0,47573.0,3750,6057
2021-07-22,47500.0,47690.0,47301.0,47634.0,7000,5485
2021-07-23,47575.0,47720.0,47300.0,47534.0,6480,5314
2021-07-26,47647.0,47784.0,47420.0,47461.0,6816,4861
2021-07-27,47446.0,47642.0,47367.0,47573.0,7103,4064
2021-07-28,47610.0,47689.0,47470.0,47577.0,4486,2753
2021-07-29,47720.0,48310.0,47690.0,48281.0,5823,1026
2021-07-30,48281.0,48304.0,47751.0,47846.0,1546,113
2021-08-02,47780.0,48130.0,47725.0,48045.0,20,100
2021-08-03,47900.0,48049.0,47760.0,47817.0,20,51
2021-08-04,47770.0,48299.0,47770.0,48111.0,18,33
2021-08-05,48450.0,48450.0,48450.0,47822.0,1,2
2021-08-06,47500.0,47574.0,46556.0,46640.0,10803,13741
2021-08-09,46311.0,46386.0,45815.0,45886.0,9648,13673
2021-08-10,46000.0,46112.0,45662.0,45962.0,6321,13805
2021-08-11,46011.0,46446.0,45925.0,46388.0,7073,13261
2021-08-12,46300.0,46581.0,46151.0,46363.0,6431,13232
2021-08-13,46452.0,46996.0,46416.0,46940.0,6473,12485
2021-08-16,46950.0,47280.0,46816.0,47225.0,5380,12731
2021-08-17,47235.0,47549.0,47183.0,47280.0,6999,12096
2021-08-18,47374.0,47437.0,47026.0,47132.0,6340,12129
2021-08-19,47211.0,47850.0,47073.0,47169.0,4000,12240
2021-08-20,47250.0,47377.0,47065.0,47158.0,5259,12045
2021-08-23,47215.0,47625.0,47149.0,47584.0,5778,11986
2021-08-24,47515.0,47731.0,47472.0,47612.0,5069,11890
2021-08-25,47435.0,47482.0,47080.0,47179.0,7144,11590
2021-08-26,47181.0,47380.0,46934.0,47237.0,6287,11391
2021-08-27,47300.0,47582.0,46820.0,47538.0,10579,11315
2021-08-30,47438.0,47494.0,47145.0,47164.0,4716,11268
2021-08-31,47299.0,47332.0,46776.0,47120.0,6846,11461
2021-09-01,47129.0,47276.0,46980.0,47068.0,5340,11109
2021-09-02,47049.0,47208.0,46900.0,46991.0,4274,11172
2021-09-03,47095.0,47598.0,47035.0,47524.0,8418,10178
2021-09-06,47433.0,47497.0,47365.0,47425.0,3200,10109
2021-09-07,47402.0,47435.0,46864.0,46939.0,7182,10556
2021-09-08,46961.0,47140.0,46750.0,47038.0,5815,10087
2021-09-09,46938.0,47082.0,46713.0,46994.0,7170,9971
2021-09-10,46900.0,46986.0,46751.0,46806.0,2449,9956
2021-09-13,46927.0,47043.0,46766.0,46908.0,5378,9226
2021-09-14,46868.0,47320.0,46620.0,47260.0,10045,8394
2021-09-15,47185.0,47264.0,46868.0,46896.0,6329,8237
2021-09-16,46880.0,46917.0,45812.0,46076.0,10012,9280
2021-09-17,46100.0,46239.0,45853.0,45986.0,6346,9013
2021-09-20,45930.0,46375.0,45880.0,46278.0,6697,7958
2021-09-21,46210.0,46799.0,46130.0,46638.0,7091,7038
2021-09-22,46651.0,46762.0,46556.0,46672.0,4149,6797
2021-09-23,46439.0,46534.0,45940.0,46056.0,7561,6575
2021-09-24,46075.0,46132.0,45787.0,45995.0,6502,5453
2021-09-27,46036.0,46220.0,45902.0,46069.0,6386,3891
2021-09-28,46071.0,46071.0,45688.0,45853.0,8248,2262
2021-09-29,45963.0,45980.0,45511.0,45585.0,3224,497
2021-09-30,45650.0,46436.0,45479.0,46323.0,110,345
2021-10-01,46295.0,46332.0,46155.0,46286.0,53,42
2021-10-04,46286.0,46286.0,46286.0,46286.0,0,9
2021-10-05,46535.0,46535.0,46354.0,46293.0,5,3
2021-10-06,46674.0,46990.0,46512.0,46907.0,6224,13472
2021-10-07,46851.0,46990.0,46687.0,46827.0,4963,13565
2021-10-08,46861.0,47370.0,46854.0,47037.0,8313,13683
2021-10-11,46950.0,47188.0,46864.0,47051.0,5239,13273
2021-10-12,47099.0,47420.0,47036.0,47198.0,6671,13149
2021-10-13,47215.0,47999.0,47131.0,47916.0,11069,13780
2021-10-14,47808.0,48100.0,47783.0,47882.0,4963,13230
2021-10-15,47602.0,47677.0,47120.0,47213.0,7183,12132
2021-10-18,47220.0,47437.0,47169.0,47291.0,5430,11855
2021-10-19,47410.0,47645.0,47231.0,47280.0,6747,11821
2021-10-20,47355.0,47576.0,47261.0,47499.0,7250,11472
2021-10-21,47529.0,47596.0,47340.0,47404.0,5213,11077
2021-10-22,47555.0,48242.0,47482.0,47797.0,11592,11207
2021-10-25,47900.0,48299.0,47855.0,48200.0,4972,11332
2021-10-26,48147.0,48280.0,47584.0,47813.0,9004,10627
2021-10-27,47761.0,48019.0,47620.0,47962.0,6391,10459
2021-10-28,48013.0,48229.0,47746.0,47961.0,6996,10116
2021-10-29,47836.0,47944.0,47382.0,47635.0,10354,9340
2021-11-01,47615.0,47951.0,47590.0,47903.0,6027,8842
2021-11-02,47835.0,47885.0,47594.0,47622.0,5316,8662
2021-11-03,47584.0,47584.0,46872.0,47000.0,8002,8789
2021-11-04,47300.0,47590.0,47300.0,47553.0,2597,7914
2021-11-05,47519.0,48014.0,47294.0,47972.0,5324,8176
2021-11-08,48000.0,48174.0,47815.0,48018.0,6827,7642
2021-11-09,48015.0,48311.0,47976.0,48287.0,6592,7625
2021-11-10,48248.0,49280.0,48168.0,48854.0,11205,7454
2021-11-11,48941.0,49380.0,48911.0,49216.0,5421,7422
2021-11-12,49104.0,49346.0,48875.0,49314.0,6222,7092
2021-11-15,49170.0,49475.0,49092.0,49298.0,5086,6869
2021-11-16,49340.0,49610.0,49010.0,49038.0,8382,6400
2021-11-17,49068.0,49333.0,48985.0,49292.0,5676,6647
2021-11-18,49199.0,49273.0,48986.0,49059.0,5656,6080
2021-11-19,49116.0,49308.0,48710.0,48828.0,5286,5708
2021-11-22,48794.0,48875.0,47882.0,47923.0,9422,5172
2021-11-23,47946.0,48031.0,47361.0,47434.0,7490,4785
2021-11-24,47569.0,47674.0,47253.0,47438.0,5037,4033
2021-11-25,47545.0,47592.0,47310.0,47421.0,3890,3102
2021-11-26,47615.0,48223.0,47535.0,47585.0,5990,1331
2021-11-29,47700.0,47980.0,47530.0,47587.0,1651,327
2021-11-30,47570.0,48128.0,47436.0,47606.0,82,28
2021-12-01,47550.0,47783.0,47470.0,47578.0,6,18
2021-12-02,47214.0,47214.0,47214.0,47214.0,2,16
2021-12-03,47192.0,47271.0,46388.0,47448.0,16,12
2021-12-06,47953.0,48039.0,47830.0,47914.0,5322,9173
2021-12-07,47907.0,48168.0,47790.0,48060.0,6052,8796
2021-12-08,48150.0,48300.0,47956.0,48055.0,4904,8735
2021-12-09,48035.0,48160.0,47869.0,47939.0,4988,8820
2021-12-10,47981.0,48260.0,47862.0,48164.0,6149,8750
2021-12-13,48213.0,48348.0,48131.0,48303.0,4833,8723
2021-12-14,48264.0,48361.0,47925.0,48072.0,5801,8517
2021-12-15,48039.0,48240.0,47950.0,48087.0,4499,8414
2021-12-16,48296.0,48677.0,48276.0,48646.0,5896,9213
2021-12-17,48700.0,48785.0,48510.0,48594.0,4717,8868
2021-12-20,48594.0,48643.0,48211.0,48240.0,4337,8555
2021-12-21,48151.0,48298.0,47991.0,48067.0,4378,8462
2021-12-22,48115.0,48220.0,47975.0,48199.0,3325,8718
2021-12-23,48268.0,48340.0,48035.0,48152.0,3532,8764
2021-12-24,48185.0,48263.0,48066.0,48119.0,1850,8748
2021-12-27,48119.0,48248.0,48050.0,48066.0,3241,8698
2021-12-28,48300.0,48328.0,48002.0,48042.0,4183,8605
2021-12-29,48002.0,48012.0,47577.0,47839.0,6374,8595
2021-12-30,47800.0,47899.0,47579.0,47885.0,4381,8514
2021-12-31,47946.0,48134.0,47795.0,48099.0,4276,8603
2022-01-03,48050.0,48130.0,47691.0,47716.0,6654,8385
2022-01-04,47810.0,47997.0,47740.0,47949.0,4714,7879
2022-01-05,47982.0,48169.0,47851.0,48021.0,4663,7710
2022-01-06,47768.0,47865.0,47400.0,47451.0,7900,8043
2022-01-07,47370.0,47586.0,47300.0,47452.0,4512,7974
2022-01-10,47394.0,47499.0,47301.0,47455.0,4386,7672
2022-01-11,47589.0,47700.0,47460.0,47689.0,4485,6889
2022-01-12,47682.0,47843.0,47628.0,47808.0,3841,6379
2022-01-13,47804.0,47917.0,47650.0,47736.0,3746,6329
2022-01-14,47841.0,47993.0,47756.0,47778.0,4284,6044
2022-01-17,47835.0,47965.0,47803.0,47917.0,2405,5880
2022-01-18,47950.0,48047.0,47780.0,47926.0,5078,5485
2022-01-19,47949.0,48416.0,47911.0,48377.0,5692,4739
2022-01-20,48379.0,48557.0,48310.0,48380.0,3669,4256
2022-01-21,48390.0,48523.0,48153.0,48249.0,4042,3546
2022-01-24,48323.0,48600.0,48300.0,48564.0,5208,2881
2022-01-25,48608.0,48912.0,48540.0,48851.0,4577,2353
2022-01-27,48550.0,48550.0,47853.0,47910.0,5961,1667
2022-01-28,47950.0,48000.0,47479.0,47611.0,3498,821
2022-01-31,47590.0,47802.0,47499.0,47686.0,720,258
2022-02-01,47736.0,48099.0,47581.0,47965.0,130,134
2022-02-02,47850.0,48046.0,47692.0,47922.0,42,130
2022-02-03,48099.0,48099.0,47517.0,47849.0,18,85
2022-02-04,47000.0,48025.0,47000.0,47989.0,12,33
2022-02-07,48011.0,48247.0,47995.0,48228.0,3554,11450
2022-02-08,48270.0,48474.0,48174.0,48429.0,4195,11496
2022-02-09,48420.0,48715.0,48403.0,48660.0,4481,11459
2022-02-10,48694.0,48990.0,48551.0,48955.0,5277,11584
2022-02-11,48750.0,49134.0,48643.0,49114.0,5311,11360
2022-02-14,49450.0,50011.0,49443.0,49916.0,6457,11336
2022-02-15,50151.0,50325.0,49230.0,49385.0,7511,11040
2022-02-16,49394.0,49660.0,49249.0,49618.0,4029,11228
2022-02-17,49577.0,50438.0,49557.0,50392.0,7360,11936
2022-02-18,50177.0,50274.0,49829.0,50112.0,5695,11148
2022-02-21,50071.0,50139.0,49764.0,50078.0,4242,10979
2022-02-22,50447.0,50687.0,50057.0,50328.0,7795,11043
2022-02-23,50389.0,50414.0,49951.0,50379.0,5720,11490
2022-02-24,50800.0,52797.0,50800.0,51543.0,15806,11315
2022-02-25,51180.0,51180.0,50040.0,50221.0,9452,10746
2022-02-28,50880.0,51211.0,50505.0,50760.0,10636,10755
2022-03-01,51200.0,51876.0,51159.0,51816.0,5400,11221
2022-03-02,51700.0,52070.0,51192.0,51294.0,9587,10727
2022-03-03,51562.0,51951.0,51391.0,51770.0,7649,11429
2022-03-04,51902.0,52601.0,51800.0,52559.0,9219,11268
2022-03-07,53266.0,54010.0,52813.0,53517.0,10511,10779
2022-03-08,53639.0,55558.0,53356.0,54224.0,13384,10867
2022-03-09,54917.0,55190.0,52626.0,52745.0,10900,10535
2022-03-10,52601.0,53488.0,52437.0,53239.0,7996,10586
2022-03-11,53089.0,53203.0,52240.0,52878.0,8333,10249
2022-03-14,52623.0,52786.0,52125.0,52304.0,6946,9446
2022-03-15,52001.0,52080.0,51220.0,51564.0,8300,8762
2022-03-16,51346.0,51519.0,51028.0,51147.0,5131,8442
2022-03-17,51678.0,51837.0,51366.0,51647.0,5864,8184
2022-03-18,51650.0,51713.0,51360.0,51447.0,1705,8104
2022-03-21,51430.0,51890.0,51350.0,51655.0,5048,7811
2022-03-22,51770.0,51949.0,51150.0,51379.0,6546,7140
2022-03-23,51365.0,51800.0,51224.0,51767.0,4532,6819
2022-03-24,51702.0,52155.0,51648.0,52078.0,5740,6605
2022-03-25,52075.0,52100.0,51762.0,51876.0,3678,6442
2022-03-28,51721.0,51784.0,51370.0,51571.0,4647,5414
2022-03-29,51342.0,51383.0,50354.0,50813.0,8066,2683
2022-03-30,50979.0,51263.0,50811.0,50953.0,3669,1050
2022-03-31,50906.0,51718.0,50906.0,51585.0,130,217
2022-04-01,51480.0,51551.0,51275.0,51344.0,133,182
2022-04-04,51224.0,51350.0,51200.0,51266.0,22,62
2022-04-05,51304.0,51670.0,51160.0,51342.0,25,43
2022-04-06,51398.0,51837.0,51320.0,51596.0,5749,17919
2022-04-07,51611.0,51982.0,51550.0,51897.0,4350,18024
2022-04-08,51734.0,52197.0,51681.0,52071.0,5291,18210
2022-04-11,52126.0,52740.0,52021.0,52179.0,5692,18091
2022-04-12,52375.0,53000.0,52375.0,52878.0,6476,18534
2022-04-13,52850.0,53150.0,52807.0,53081.0,3755,18638
2022-04-14,53010.0,53110.0,52700.0,52992.0,2929,18284
2022-04-18,53470.0,53663.0,53218.0,53272.0,5242,17980
2022-04-19,53248.0,53416.0,52660.0,52749.0,6283,17385
2022-04-20,52562.0,52650.0,52310.0,52628.0,5284,16869
2022-04-21,52628.0,52649.0,52144.0,52413.0,5284,16528
2022-04-22,52529.0,52662.0,52104.0,52261.0,6734,15913
2022-04-25,52033.0,52115.0,51300.0,51393.0,8927,14715
2022-04-26,51460.0,51769.0,51410.0,51584.0,5106,14222
2022-04-27,51545.0,51636.0,51082.0,51199.0,7573,13539
2022-04-28,51089.0,51335.0,50828.0,51262.0,5948,13388
2022-04-29,51499.0,51879.0,51499.0,51754.0,6038,12649
2022-05-02,51270.0,51322.0,50481.0,50659.0,10567,10962
2022-05-03,50555.0,50992.0,50515.0,50808.0,2607,10695
2022-05-04,50675.0,50830.0,50502.0,50610.0,6187,10281
2022-05-05,50921.0,51557.0,50853.0,50899.0,9290,9586
2022-05-06,50936.0,51538.0,50905.0,51343.0,5862,9021
2022-05-09,51259.0,51386.0,50901.0,50959.0,5772,8625
2022-05-10,50971.0,51118.0,50511.0,50586.0,6388,8419
2022-05-11,50449.0,50888.0,50322.0,50822.0,6725,7832
2022-05-12,50939.0,50946.0,50140.0,50174.0,7242,7482
2022-05-13,50067.0,50249.0,49670.0,49873.0,7464,7066
2022-05-16,49930.0,50297.0,49572.0,50248.0,5432,6503
2022-05-17,50399.0,50580.0,50130.0,50173.0,5248,6327
2022-05-18,50120.0,50366.0,49863.0,50218.0,6974,5850
2022-05-19,50280.0,50760.0,50058.0,50544.0,6354,5711
2022-05-20,50471.0,50860.0,50471.0,50829.0,6148,5453
2022-05-23,50897.0,51156.0,50808.0,50907.0,4248,5173
2022-05-24,50940.0,51246.0,50880.0,51157.0,5015,4791
2022-05-25,51109.0,51132.0,50705.0,50819.0,6202,4197
2022-05-26,50840.0,50920.0,50580.0,50871.0,5008,2681
2022-05-27,50952.0,51066.0,50850.0,50913.0,4381,1382
2022-05-30,50974.0,51112.0,50901.0,50915.0,1232,479
2022-05-31,50959.0,51180.0,50800.0,50855.0,524,357
2022-06-01,50654.0,50903.0,50462.0,50788.0,45,314
2022-06-02,50928.0,51359.0,50928.0,51255.0,15,239
2022-06-03,51306.0,51306.0,51306.0,50885.0,1,41
2022-06-06,51126.0,51133.0,50815.0,50870.0,5767,14268
2022-06-07,50787.0,51070.0,50681.0,50968.0,4856,14388
2022-06-08,50900.0,51155.0,50851.0,51051.0,4549,14359
2022-06-09,51046.0,51135.0,50805.0,51005.0,4575,14212
2022-06-10,50900.0,51797.0,50420.0,51701.0,11971,14446
2022-06-13,51530.0,51660.0,50551.0,50664.0,9024,13443
2022-06-14,50537.0,50667.0,50151.0,50195.0,6593,13080
2022-06-15,50261.0,50861.0,50211.0,50438.0,7082,12888
2022-06-16,50650.0,51092.0,50295.0,50986.0,7777,13121
2022-06-17,50977.0,51179.0,50815.0,50834.0,5166,12681
2022-06-20,50985.0,50985.0,50713.0,50735.0,2751,12585
2022-06-21,50827.0,50950.0,50650.0,50760.0,4652,12524
2022-06-22,50691.0,51146.0,50522.0,50904.0,6314,12448
2022-06-23,50800.0,51060.0,50560.0,50594.0,7219,12110
2022-06-24,50549.0,50741.0,50410.0,50623.0,4976,11824
2022-06-27,50730.0,50980.0,50575.0,50649.0,6283,11770
2022-06-28,50604.0,50960.0,50604.0,50822.0,5102,11497
2022-06-29,50779.0,51146.0,50640.0,50729.0,7291,11172
2022-06-30,50740.0,50991.0,50433.0,50517.0,8364,11006
2022-07-01,51000.0,52032.0,50727.0,51917.0,13273,11142
2022-07-04,52050.0,52300.0,52000.0,52122.0,4385,10967
2022-07-05,52199.0,52279.0,51250.0,51302.0,7773,10222
2022-07-06,51382.0,51520.0,50450.0,50500.0,8879,9819
2022-07-07,50661.0,50830.0,50562.0,50621.0,4894,9561
2022-07-08,50670.0,50973.0,50366.0,50779.0,5555,9153
2022-07-11,50709.0,50869.0,50616.0,50644.0,3271,8866
2022-07-12,50680.0,50794.0,50438.0,50457.0,5627,8506
2022-07-13,50431.0,50946.0,50160.0,50802.0,7583,8008
2022-07-14,50725.0,50729.0,50067.0,50228.0,7111,7593
2022-07-15,50262.0,50280.0,49957.0,50107.0,6191,6820
2022-07-18,50150.0,50620.0,50150.0,50361.0,5352,6168
2022-07-19,50300.0,50489.0,50211.0,50320.0,4608,5898
2022-07-20,50275.0,50465.0,50191.0,50225.0,4973,5560
2022-07-21,50000.0,50480.0,49703.0,50375.0,7868,5075
2022-07-22,50385.0,50870.0,50315.0,50644.0,5026,4752
2022-07-25,50673.0,50793.0,50446.0,50536.0,4706,3808
2022-07-26,50598.0,50705.0,50465.0,50584.0,4806,2932
2022-07-27,50568.0,50753.0,50505.0,50720.0,4913,1935
2022-07-28,50760.0,51391.0,50760.0,51304.0,3699,935
2022-07-29,51490.0,51501.0,51159.0,51426.0,2091,195
2022-08-01,51250.0,51489.0,51115.0,51263.0,233,84
2022-08-02,51563.0,51584.0,51135.0,51310.0,17,14
2022-08-03,51300.0,52450.0,51171.0,51694.0,11,9
2022-08-04,51651.0,53113.0,51550.0,52009.0,9,6
2022-08-05,52201.0,52401.0,52201.0,51704.0,3,1
2022-08-08,51793.0,52333.0,51793.0,52288.0,5679,16294
2022-08-09,52350.0,52600.0,52279.0,52489.0,2648,16474
2022-08-10,52450.0,52620.0,52207.0,52241.0,5865,15953
2022-08-11,52144.0,52520.0,52014.0,52336.0,4918,16135
2022-08-12,52382.0,52610.0,52263.0,52585.0,4565,16418
2022-08-16,52265.0,52265.0,51770.0,51837.0,6952,15196
2022-08-17,51843.0,51965.0,51470.0,51543.0,5881,14901
2022-08-18,51644.0,51870.0,51565.0,51603.0,4432,14787
2022-08-19,51524.0,51671.0,51435.0,51479.0,3950,14436
2022-08-22,51409.0,51409.0,50971.0,51163.0,5089,14112
2022-08-23,51211.0,51520.0,51051.0,51417.0,5176,13949
2022-08-24,51350.0,51569.0,51290.0,51439.0,3791,13982
2022-08-25,51497.0,51846.0,51497.0,51702.0,5444,13815
2022-08-26,51636.0,51685.0,51120.0,51238.0,6791,13414
2022-08-29,51100.0,51369.0,50830.0,51250.0,5727,13356
2022-08-30,51151.0,51164.0,50701.0,50737.0,5674,13251
2022-08-31,50500.0,50661.0,50333.0,50414.0,3015,13008
2022-09-01,50202.0,50293.0,49876.0,50070.0,7255,12486
2022-09-02,50050.0,50587.0,50050.0,50368.0,4330,12120
2022-09-05,50410.0,50522.0,50404.0,50433.0,2944,11970
2022-09-06,50555.0,50693.0,50230.0,50281.0,4575,11659
2022-09-07,50207.0,50535.0,50007.0,50506.0,5629,10910
2022-09-08,50470.0,50743.0,50201.0,50356.0,5424,10604
2022-09-09,50386.0,50739.0,50350.0,50529.0,5419,9917
2022-09-12,50505.0,50780.0,50378.0,50631.0,7043,9643
2022-09-13,50525.0,50573.0,49972.0,50138.0,9983,9882
2022-09-14,50069.0,50148.0,50000.0,50018.0,5420,9874
2022-09-15,49942.0,49942.0,49170.0,49312.0,8698,10238
2022-09-16,49220.0,49504.0,48951.0,49380.0,7551,9395
2022-09-19,49257.0,49410.0,49044.0,49302.0,5380,8873
2022-09-20,49400.0,49457.0,49100.0,49175.0,4399,8787
2022-09-21,49189.0,49569.0,49114.0,49443.0,5546,7688
2022-09-22,49314.0,50175.0,49314.0,50000.0,8732,6673
2022-09-23,50005.0,50057.0,49250.0,49401.0,8074,5937
2022-09-26,49350.0,49688.0,49105.0,49150.0,7096,4740
2022-09-27,49190.0,49499.0,49082.0,49319.0,7051,2429
2022-09-28,49160.0,49890.0,48980.0,49750.0,4715,719
2022-09-29,49650.0,50130.0,49650.0,49994.0,616,191
2022-09-30,49971.0,50689.0,49935.0,50094.0,117,182
2022-10-03,50250.0,50250.0,50130.0,50165.0,5,118
2022-10-04,51000.0,51480.0,50800.0,50456.0,6,79
2022-10-06,51836.0,52093.0,51790.0,51972.0,7453,19120
2022-10-07,51904.0,52120.0,51637.0,51960.0,7675,18741
2022-10-10,51685.0,51685.0,50901.0,51023.0,10821,16996
2022-10-11,50915.0,51218.0,50710.0,51096.0,7869,16675
2022-10-12,50814.0,51049.0,50762.0,50905.0,6023,16211
2022-10-13,50891.0,51160.0,50400.0,50884.0,11082,15652
2022-10-14,50794.0,50974.0,50174.0,50260.0,10508,14863
2022-10-17,50382.0,50747.0,50334.0,50473.0,6903,14658
2022-10-18,50364.0,50545.0,50310.0,50414.0,6462,13928
2022-10-19,50397.0,50480.0,50069.0,50199.0,7781,13579
2022-10-20,50100.0,50410.0,50065.0,50143.0,7141,13171
2022-10-21,50069.0,50649.0,49808.0,50626.0,12235,11646
2022-10-24,50700.0,50700.0,50517.0,50580.0,1038,11589
2022-10-25,50530.0,50816.0,50336.0,50633.0,4957,11280
2022-10-26,50867.0,50867.0,50610.0,50687.0,2237,11393
2022-10-27,50715.0,50875.0,50576.0,50737.0,6279,11034
2022-10-28,50765.0,50795.0,50165.0,50230.0,7889,11090
2022-10-31,50266.0,50447.0,50161.0,50322.0,4804,10603
2022-11-01,50351.0,50698.0,50277.0,50502.0,7223,9784
2022-11-02,50560.0,50833.0,50535.0,50606.0,5832,9182
2022-11-03,50500.0,50500.0,50000.0,50184.0,10453,11019
2022-11-04,50350.0,50900.0,50310.0,50866.0,9947,8808
2022-11-07,50862.0,51060.0,50831.0,50927.0,4572,8367
2022-11-08,50710.0,51685.0,50606.0,51630.0,7160,8118
2022-11-09,51450.0,51725.0,51315.0,51506.0,6326,7639
2022-11-10,51541.0,52210.0,51481.0,52109.0,7832,8025
2022-11-11,52050.0,52534.0,52050.0,52334.0,6155,7459
2022-11-14,52318.0,52786.0,52300.0,52718.0,5636,7185
2022-11-15,52743.0,53051.0,52675.0,52745.0,6591,6764
2022-11-16,52992.0,53200.0,52942.0,53062.0,5883,6454
2022-11-17,52950.0,52993.0,52777.0,52843.0,5383,5902
2022-11-18,52843.0,52990.0,52547.0,52588.0,4828,5282
2022-11-21,52508.0,52590.0,52136.0,52292.0,5397,4649
2022-11-22,52475.0,52495.0,52237.0,52289.0,4456,4351
2022-11-23,52349.0,52475.0,52068.0,52451.0,5004,4056
2022-11-24,52500.0,52748.0,52500.0,52671.0,3251,3909
2022-11-25,52665.0,52750.0,52405.0,52544.0,4168,3430
2022-11-28,52421.0,52696.0,52141.0,52173.0,5123,1207
2022-11-29,52247.0,52595.0,52247.0,52308.0,1173,406
2022-11-30,52509.0,52710.0,52380.0,52480.0,160,132
2022-12-01,52838.0,53462.0,52819.0,53238.0,46,85
2022-12-02,53337.0,53458.0,53184.0,53265.0,15,51
2022-12-05,54348.0,54348.0,53217.0,53347.0,12,31
2022-12-07,53810.0,54033.0,53701.0,53987.0,4270,16075
2022-12-08,53999.0,54201.0,53937.0,54051.0,3479,15845
2022-12-09,54262.0,54400.0,54030.0,54295.0,4343,15752
2022-12-12,54109.0,54294.0,54061.0,54132.0,4273,15521
2022-12-13,54132.0,55047.0,54132.0,54743.0,6174,15993
2022-12-14,54770.0,54890.0,54580.0,54674.0,3851,15761
2022-12-15,54481.0,54481.0,53882.0,54107.0,6784,14982
2022-12-16,54157.0,54414.0,54005.0,54300.0,4985,15073
2022-12-19,54354.0,54490.0,54182.0,54260.0,4046,14744
2022-12-20,54429.0,54995.0,54350.0,54898.0,8122,15064
2022-12-21,54900.0,55220.0,54863.0,55071.0,4250,15038
2022-12-22,55069.0,55117.0,54445.0,54521.0,5737,14153
2022-12-23,54517.0,54745.0,54441.0,54574.0,3383,13769
2022-12-26,54525.0,54748.0,54520.0,54677.0,2128,13712
2022-12-27,54764.0,55365.0,54692.0,54997.0,5264,13949
2022-12-28,54923.0,54950.0,54530.0,54761.0,4116,13582
2022-12-29,54720.0,55018.0,54672.0,54971.0,3857,13729
2022-12-30,54975.0,55125.0,54860.0,55017.0,4363,13921
2023-01-02,55052.0,55200.0,55040.0,55178.0,1606,13850
2023-01-03,55280.0,55800.0,55280.0,55530.0,5420,13763
2023-01-04,55620.0,56010.0,55620.0,55767.0,6968,14060
2023-01-05,55794.0,55920.0,55051.0,55290.0,6417,12941
2023-01-06,55382.0,55790.0,55291.0,55743.0,5063,12962
2023-01-09,55800.0,56175.0,55800.0,55864.0,4571,13059
2023-01-10,55920.0,55950.0,55640.0,55712.0,3759,12437
2023-01-11,55819.0,55930.0,55522.0,55693.0,5191,12033
2023-01-12,55792.0,55990.0,55610.0,55875.0,5521,12011
2023-01-13,55915.0,56370.0,55900.0,56324.0,5890,12595
2023-01-16,56467.0,56562.0,56330.0,56482.0,3950,12280
2023-01-17,56479.0,56521.0,56305.0,56352.0,4929,11409
2023-01-18,56303.0,56550.0,56122.0,56286.0,5918,10672
2023-01-19,56305.0,56588.0,56245.0,56546.0,4721,10205
2023-01-20,56641.0,56850.0,56560.0,56658.0,4923,9574
2023-01-23,56751.0,56920.0,56514.0,56815.0,5514,8480
2023-01-24,56986.0,57125.0,56775.0,56969.0,6284,7467
2023-01-25,56940.0,57021.0,56702.0,56962.0,5172,4818
2023-01-27,56760.0,56985.0,56640.0,56857.0,6946,1892
2023-01-30,56900.0,57149.0,56720.0,56782.0,2096,387
2023-01-31,56860.0,57270.0,56620.0,57242.0,205,169
2023-02-01,57150.0,58099.0,57100.0,57952.0,84,112
2023-02-02,58826.0,58826.0,57700.0,58114.0,53,118
2023-02-03,57865.0,58000.0,56801.0,57946.0,40,108
2023-02-06,56638.0,57195.0,56638.0,56955.0,5467,17210
2023-02-07,57000.0,57380.0,56950.0,57257.0,7130,16808
2023-02-08,57220.0,57384.0,56986.0,57215.0,6034,16415
2023-02-09,57238.0,57419.0,56750.0,56852.0,6617,15818
2023-02-10,56760.0,56865.0,56496.0,56741.0,8489,15184
2023-02-13,56762.0,56920.0,56470.0,56497.0,4936,14625
2023-02-14,56611.0,56999.0,56478.0,56750.0,9679,14204
2023-02-16,56225.0,56279.0,55910.0,56228.0,6835,13184
2023-02-17,55975.0,56287.0,55691.0,56257.0,7485,12450
2023-02-20,56209.0,56345.0,56188.0,56213.0,3295,12310
2023-02-21,56191.0,56310.0,56003.0,56168.0,5384,12074
2023-02-22,56169.0,56395.0,56027.0,56083.0,4424,11871
2023-02-23,55954.0,56010.0,55511.0,55587.0,6623,11454
2023-02-24,55707.0,55790.0,55380.0,55432.0,5411,11194
2023-02-27,55397.0,55497.0,55290.0,55476.0,4261,11177
2023-02-28,55402.0,55798.0,55132.0,55756.0,5460,11269
2023-03-01,55760.0,56020.0,55627.0,55830.0,4575,11207
2023-03-02,55777.0,55925.0,55705.0,55739.0,4549,10844
2023-03-03,55899.0,55899.0,55580.0,55721.0,4593,10371
2023-03-06,55878.0,55982.0,55751.0,55769.0,4465,10180
2023-03-07,55700.0,55700.0,55000.0,55022.0,4559,9968
2023-03-08,54935.0,55112.0,54850.0,54911.0,4239,9754
2023-03-09,54855.0,55401.0,54771.0,55301.0,5789,9385
2023-03-10,55325.0,56190.0,55270.0,56150.0,7084,9440
2023-03-13,56667.0,57680.0,56353.0,57642.0,10611,9674
2023-03-14,57483.0,57738.0,57231.0,57483.0,6119,9245
2023-03-15,57380.0,58661.0,57068.0,58336.0,10022,9312
2023-03-16,57955.0,58525.0,57845.0,58006.0,7272,8689
2023-03-17,58269.0,59461.0,58143.0,59383.0,7736,8926
2023-03-20,59418.0,60455.0,59232.0,59506.0,9992,8557
2023-03-21,59594.0,59705.0,58534.0,58579.0,8269,7960
2023-03-22,58563.0,58810.0,58462.0,58756.0,5165,7736
2023-03-23,59231.0,59618.0,58930.0,59565.0,8241,7125
2023-03-24,59490.0,59975.0,59190.0,59273.0,7931,5918
2023-03-27,59300.0,59310.0,58405.0,58526.0,7510,4811
2023-03-28,58718.0,59232.0,58500.0,59042.0,5064,3262
2023-03-29,58918.0,59074.0,58747.0,58941.0,5064,1319
2023-03-30,59000.0,59400.0,58850.0,59316.0,1098,570
2023-03-31,59425.0,59650.0,59310.0,59402.0,442,151
2023-04-03,59200.0,59900.0,59040.0,59716.0,127,82
2023-04-04,61399.0,61399.0,59610.0,60620.0,52,39
2023-04-05,60779.0,60822.0,60569.0,59837.0,16,24
2023-04-06,60679.0,60836.0,60330.0,60511.0,5742,18810
2023-04-10,60402.0,60417.0,59912.0,60063.0,4678,18426
2023-04-11,60170.0,60599.0,60170.0,60505.0,3991,18534
2023-04-12,60779.0,61070.0,60360.0,60628.0,6573,18407
2023-04-13,60731.0,61371.0,60693.0,61238.0,5925,18589
2023-04-14,61038.0,61170.0,60088.0,60329.0,6885,17658
2023-04-17,60351.0,60625.0,59871.0,60180.0,5816,17558
2023-04-18,60229.0,60650.0,60111.0,60488.0,5667,17704
2023-04-19,60448.0,60509.0,59653.0,60288.0,9611,16854
2023-04-20,60245.0,60689.0,60157.0,60503.0,5638,17237
2023-04-21,60381.0,60476.0,59622.0,59845.0,9205,15685
2023-04-24,59865.0,60033.0,59587.0,60001.0,5550,15478
2023-04-25,60033.0,60320.0,59709.0,60261.0,6866,15532
2023-04-26,60210.0,60428.0,59825.0,59893.0,7082,15013
2023-04-27,60150.0,60299.0,59547.0,59901.0,8386,14899
2023-04-28,59853.0,60050.0,59625.0,59919.0,5351,14948
2023-05-01,59867.0,60328.0,59711.0,59764.0,4018,14819
2023-05-02,59755.0,60771.0,59700.0,60628.0,7954,15556
2023-05-03,60740.0,61022.0,60535.0,60965.0,4437,15339
2023-05-04,61200.0,61845.0,61053.0,61493.0,7715,15683
2023-05-05,61566.0,61629.0,60250.0,60628.0,8693,14400
2023-05-08,60783.0,61090.0,60771.0,60927.0,4038,14352
2023-05-09,60910.0,61460.0,60905.0,61419.0,5493,14845
2023-05-10,61270.0,61651.0,60976.0,61270.0,7209,14312
2023-05-11,61279.0,61515.0,60825.0,60892.0,8446,13697
2023-05-12,60795.0,61080.0,60525.0,60887.0,6356,12830
2023-05-15,60910.0,61138.0,60820.0,61027.0,4384,12828
2023-05-16,61498.0,61498.0,60190.0,60244.0,7993,11780
2023-05-17,60333.0,60445.0,59960.0,60145.0,5625,11443
2023-05-18,60100.0,60153.0,59540.0,59723.0,8394,10749
2023-05-19,59766.0,60490.0,59721.0,60379.0,8226,9909
2023-05-22,60245.0,60430.0,60111.0,60241.0,5594,9480
2023-05-23,60000.0,60245.0,59739.0,60197.0,8760,8296
2023-05-24,60196.0,60389.0,59725.0,59860.0,7558,7698
2023-05-25,59700.0,59955.0,59363.0,59460.0,8442,6284
2023-05-26,59542.0,59660.0,59225.0,59353.0,5018,3805
2023-05-29,59406.0,59631.0,59260.0,59419.0,4777,1238
2023-05-30,59401.0,60064.0,59225.0,59946.0,1194,332
2023-05-31,59946.0,60350.0,59840.0,60163.0,150,295
2023-06-01,60057.0,60271.0,59700.0,59919.0,24,294
2023-06-02,60275.0,60350.0,59650.0,59773.0,52,189
2023-06-05,59500.0,59549.0,59419.0,59808.0,7,133
2023-06-06,59869.0,60074.0,59766.0,59985.0,4447,14603
2023-06-07,59977.0,60098.0,59401.0,59503.0,8479,14372
2023-06-08,59528.0,60048.0,59425.0,59891.0,6926,14377
2023-06-09,59934.0,60116.0,59727.0,59821.0,4046,14169
2023-06-12,59713.0,59920.0,59505.0,59641.0,4687,13988
2023-06-13,59755.0,59885.0,59184.0,59218.0,6986,13916
2023-06-14,59301.0,59465.0,59148.0,59298.0,4736,13552
2023-06-15,59210.0,59385.0,58661.0,59355.0,9139,13610
2023-06-16,59340.0,59555.0,59234.0,59354.0,4934,13717
2023-06-19,59272.0,59370.0,59115.0,59157.0,2832,13723
2023-06-20,59222.0,59392.0,58663.0,58809.0,6167,13383
2023-06-21,58824.0,58865.0,58375.0,58714.0,4927,13274
2023-06-22,58613.0,58663.0,58150.0,58196.0,5556,13130
2023-06-23,58136.0,58740.0,58096.0,58307.0,6148,12581
2023-06-26,58429.0,58670.0,58352.0,58412.0,4349,12441
2023-06-27,58493.0,58549.0,58069.0,58107.0,5625,12491
2023-06-28,58176.0,58198.0,57880.0,58078.0,4733,12371
2023-06-29,58000.0,58140.0,57651.0,58014.0,4162,12437
2023-06-30,57980.0,58305.0,57792.0,58211.0,5779,11872
2023-07-03,58154.0,58480.0,57971.0,58277.0,5911,11255
2023-07-04,58275.0,58545.0,58265.0,58409.0,3837,10993
2023-07-05,58410.0,58779.0,58366.0,58473.0,5051,10864
2023-07-06,58638.0,58650.0,58120.0,58401.0,7092,10789
2023-07-07,58374.0,58949.0,58331.0,58782.0,6146,10881
2023-07-10,58739.0,58739.0,58403.0,58689.0,4102,10551
2023-07-11,58661.0,58909.0,58600.0,58773.0,5069,10354
2023-07-12,58900.0,59248.0,58720.0,59188.0,6726,10210
2023-07-13,59230.0,59375.0,59122.0,59239.0,4600,9585
2023-07-14,59264.0,59379.0,59141.0,59316.0,4506,9173
2023-07-17,59147.0,59269.0,58939.0,59135.0,4611,8302
2023-07-18,59215.0,59910.0,59215.0,59763.0,7129,8684
2023-07-19,59765.0,59878.0,59587.0,59790.0,4552,8016
2023-07-20,59945.0,59984.0,59459.0,59552.0,5939,7286
2023-07-21,59543.0,59587.0,59176.0,59309.0,4661,6780
2023-07-24,59241.0,59320.0,59055.0,59076.0,5197,5822
2023-07-25,59041.0,59265.0,58950.0,59189.0,4777,4861
2023-07-26,59214.0,59575.0,59190.0,59461.0,4433,4129
2023-07-27,59610.0,59680.0,58740.0,58950.0,5648,2636
2023-07-28,59091.0,59455.0,58987.0,59427.0,3602,1064
2023-07-31,59390.0,59650.0,59176.0,59568.0,906,450
2023-08-01,59426.0,59524.0,58855.0,58939.0,83,91
2023-08-02,59182.0,59499.0,59100.0,59127.0,52,39
2023-08-03,59843.0,59855.0,58851.0,59146.0,39,21
2023-08-04,59100.0,59399.0,58951.0,59129.0,8,15
2023-08-07,59550.0,59567.0,59313.0,59420.0,4890,14253
2023-08-08,59390.0,59474.0,59178.0,59248.0,5024,14144
2023-08-09,59321.0,59361.0,58952.0,58973.0,4400,13786
2023-08-10,59130.0,59146.0,58725.0,58853.0,4227,13788
2023-08-11,58800.0,59030.0,58740.0,58906.0,3064,13512
2023-08-14,58904.0,59019.0,58810.0,58974.0,2969,13679
2023-08-16,58831.0,58903.0,58665.0,58681.0,3563,13491
2023-08-17,58453.0,58689.0,58275.0,58290.0,5192,13729
2023-08-18,58370.0,58580.0,58340.0,58375.0,2985,13371
2023-08-21,58420.0,58640.0,58281.0,58490.0,4861,12866
2023-08-22,58526.0,58674.0,58361.0,58574.0,4109,12954
2023-08-23,58600.0,58848.0,58506.0,58819.0,4194,12508
2023-08-24,58800.0,58895.0,58662.0,58811.0,2957,12486
2023-08-25,58743.0,58875.0,58492.0,58640.0,4380,12533
2023-08-28,58685.0,59000.0,58671.0,58887.0,3322,12482
2023-08-29,58949.0,59289.0,58843.0,59266.0,4638,12423
2023-08-30,59282.0,59550.0,59282.0,59478.0,3329,12403
2023-08-31,59490.0,59563.0,59351.0,59374.0,3305,12430
2023-09-01,59296.0,59665.0,59271.0,59395.0,5463,12086
2023-09-04,59570.0,59574.0,59330.0,59393.0,3134,12056
2023-09-05,59347.0,59460.0,59207.0,59243.0,2740,12024
2023-09-06,59165.0,59300.0,59010.0,59088.0,3003,11845
2023-09-07,59043.0,59128.0,58970.0,58998.0,2695,11886
2023-09-08,59146.0,59205.0,58864.0,58898.0,3548,11816
2023-09-11,58930.0,59100.0,58888.0,58930.0,3326,11485
2023-09-12,58995.0,58995.0,58520.0,58626.0,4276,11231
2023-09-13,58550.0,58695.0,58523.0,58593.0,3294,11084
2023-09-14,58550.0,58620.0,58354.0,58588.0,3898,10755
2023-09-15,58674.0,59148.0,58673.0,58993.0,5473,9766
2023-09-18,58913.0,59275.0,58913.0,59259.0,3439,9012
2023-09-19,59240.0,59388.0,59240.0,59282.0,1283,9009
2023-09-20,59222.0,59443.0,59109.0,59405.0,4721,8237
2023-09-21,59315.0,59315.0,58685.0,58822.0,6108,7463
2023-09-22,58730.0,58986.0,58729.0,58946.0,3453,6612
2023-09-25,58884.0,58996.0,58676.0,58701.0,5163,5519
2023-09-26,58616.0,58749.0,58404.0,58432.0,5335,4186
2023-09-27,58450.0,58450.0,57622.0,57672.0,7059,2111
2023-09-28,57631.0,57647.0,57026.0,57128.0,2206,1497
2023-09-29,57382.0,57607.0,57096.0,57105.0,585,203
2023-10-03,56209.0,56539.0,56150.0,56279.0,21,203
2023-10-04,56237.0,56631.0,56225.0,56343.0,17,19
2023-10-05,56200.0,56213.0,56075.0,56439.0,5,5
2023-10-09,57000.0,57606.0,57000.0,57572.0,5337,15215
2023-10-10,57689.0,57744.0,57501.0,57629.0,5091,14792
2023-10-11,57619.0,58073.0,57600.0,57940.0,5162,14208
2023-10-12,58045.0,58235.0,57881.0,57918.0,5255,13849
2023-10-13,57970.0,59439.0,57931.0,59408.0,11422,14128
2023-10-16,59209.0,59280.0,58880.0,59166.0,4795,13852
2023-10-17,59166.0,59478.0,59000.0,59218.0,5970,13770
2023-10-18,59500.0,60259.0,59480.0,60073.0,9216,14481
2023-10-19,59720.0,60375.0,59720.0,60318.0,7263,14766
2023-10-20,60401.0,61124.0,60313.0,60736.0,9860,15319
2023-10-23,60400.0,60801.0,60400.0,60599.0,4929,14967
2023-10-24,60184.0,60574.0,60125.0,60537.0,3458,14550
2023-10-25,60478.0,60911.0,60277.0,60826.0,7201,14630
2023-10-26,60824.0,61070.0,60585.0,60952.0,6511,14740
2023-10-27,60915.0,61268.0,60693.0,61156.0,6349,14781
2023-10-30,61396.0,61396.0,61110.0,61280.0,6403,14998
2023-10-31,61117.0,61539.0,60905.0,60940.0,7113,14663
2023-11-01,60820.0,61164.0,60661.0,60785.0,5376,14086
2023-11-02,60890.0,61042.0,60750.0,60911.0,3226,14018
2023-11-03,60911.0,61330.0,60889.0,61020.0,6611,14077
2023-11-06,60847.0,60975.0,60732.0,60770.0,3600,13874
2023-11-07,60596.0,60603.0,60151.0,60347.0,6500,12791
2023-11-08,60396.0,60448.0,59950.0,60009.0,4154,12465
2023-11-09,59903.0,60351.0,59760.0,60282.0,6297,11203
2023-11-10,60233.0,60269.0,59638.0,59659.0,6181,10597
2023-11-12,59551.0,59779.0,59551.0,59752.0,582,10604
2023-11-13,59699.0,59920.0,59490.0,59842.0,4218,10290
2023-11-14,59795.0,60329.0,59736.0,60065.0,3592,10081
2023-11-15,60166.0,60444.0,60015.0,60111.0,4948,9470
2023-11-16,60148.0,61914.0,60110.0,60722.0,7353,8609
2023-11-17,60686.0,61000.0,60633.0,60713.0,4101,8111
2023-11-20,60719.0,60774.0,60356.0,60657.0,4459,7170
2023-11-21,60805.0,61360.0,60805.0,61225.0,6294,6760
2023-11-22,61159.0,61366.0,60939.0,61024.0,4497,5618
2023-11-23,61074.0,61184.0,61009.0,61072.0,3107,5049
2023-11-24,61072.0,61390.0,61056.0,61364.0,3569,4295
2023-11-27,61597.0,61691.0,61451.0,61540.0,2690,3029
2023-11-28,61619.0,62423.0,61485.0,62385.0,4610,1281
2023-11-29,62602.0,62675.0,62300.0,62605.0,1408,218
2023-11-30,62594.0,62649.0,62420.0,62559.0,92,170
2023-12-01,62512.0,63356.0,62464.0,63112.0,40,118
2023-12-04,63550.0,63881.0,62171.0,62599.0,44,96
2023-12-05,62900.0,64460.0,62375.0,62600.0,21,22
2023-12-07,62414.0,62736.0,62222.0,62466.0,4502,16339
2023-12-08,62525.0,62579.0,61625.0,61719.0,7369,15259
2023-12-11,61800.0,61860.0,61099.0,61117.0,5741,14915
2023-12-12,61236.0,61583.0,61108.0,61181.0,5219,14739
2023-12-13,61196.0,61340.0,61001.0,61199.0,4187,14594
2023-12-14,61391.0,62880.0,61391.0,62454.0,9271,15031
2023-12-15,62550.0,62597.0,62055.0,62192.0,5133,14858
2023-12-18,62193.0,62368.0,61950.0,62291.0,4007,14761
2023-12-19,62100.0,62670.0,62069.0,62476.0,4320,15141
2023-12-20,62533.0,62610.0,62309.0,62415.0,4286,14891
2023-12-21,62412.0,62680.0,62369.0,62503.0,3850,15052
2023-12-22,62784.0,63277.0,62687.0,62954.0,7004,15790
2023-12-26,63149.0,63198.0,62903.0,63025.0,3020,15505
2023-12-27,63198.0,63710.0,63179.0,63678.0,5296,16354
2023-12-28,63728.0,63821.0,63333.0,63389.0,3995,16033
2023-12-29,63246.0,63385.0,63051.0,63203.0,4280,15184
2024-01-01,63225.0,63379.0,63181.0,63320.0,661,15163
2024-01-02,63329.0,63653.0,63106.0,63257.0,5144,14902
2024-01-03,63258.0,63345.0,62418.0,62507.0,8519,12974
2024-01-04,62724.0,62820.0,62476.0,62640.0,4315,12886
2024-01-05,62631.0,63079.0,62160.0,62557.0,8016,12039
2024-01-08,62511.0,62511.0,61925.0,62095.0,6640,11021
2024-01-09,62149.0,62490.0,62114.0,62179.0,5084,10254
2024-01-10,62230.0,62399.0,61966.0,61996.0,4228,9870
2024-01-11,62146.0,62477.0,61731.0,61788.0,6553,9300
2024-01-12,61925.0,62690.0,61925.0,62362.0,7916,9260
2024-01-15,62502.0,62646.0,62451.0,62559.0,3283,8981
2024-01-16,62461.0,62521.0,61977.0,62015.0,6146,8251
2024-01-17,62054.0,62090.0,61454.0,61505.0,7363,7467
2024-01-18,61539.0,61800.0,61482.0,61769.0,4434,6944
2024-01-19,61876.0,62254.0,61840.0,62004.0,4477,6579
2024-01-22,61880.0,62049.0,61752.0,61868.0,1804,6522
2024-01-23,61904.0,62224.0,61811.0,61968.0,4630,5873
2024-01-24,61994.0,62259.0,61850.0,61985.0,5224,5031
2024-01-25,61932.0,62143.0,61840.0,61964.0,4039,3790
2024-01-29,62080.0,62299.0,62041.0,62186.0,4562,1679
2024-01-30,62174.0,62835.0,62174.0,62632.0,1555,486
2024-01-31,62573.0,63039.0,62560.0,62958.0,261,354
2024-02-01,62880.0,63979.0,62660.0,63665.0,113,274
2024-02-02,63624.0,63624.0,62800.0,63150.0,73,218
2024-02-05,62836.0,65040.0,62501.0,62551.0,65,174
2024-02-06,62261.0,62625.0,62220.0,62574.0,3422,14403
2024-02-07,62515.0,62730.0,62401.0,62524.0,3515,14312
2024-02-08,62436.0,62557.0,62182.0,62443.0,4715,13955
2024-02-09,62464.0,62544.0,62170.0,62294.0,3274,13692
2024-02-12,62240.0,62328.0,61926.0,62078.0,3676,13605
2024-02-13,62173.0,62399.0,61400.0,61504.0,6868,13718
2024-02-14,61393.0,61478.0,61190.0,61443.0,3326,13738
2024-02-15,61407.0,61745.0,61284.0,61622.0,3880,13749
2024-02-16,61651.0,61904.0,61451.0,61878.0,3974,13399
2024-02-19,61970.0,62107.0,61903.0,62004.0,2117,13316
2024-02-20,62007.0,62258.0,61931.0,62167.0,3249,13456
2024-02-21,62211.0,62279.0,62052.0,62108.0,1997,13374
2024-02-22,62155.0,62308.0,61951.0,61977.0,3216,13330
2024-02-23,62108.0,62388.0,61877.0,62345.0,4826,13301
2024-02-26,62327.0,62340.0,62050.0,62149.0,2867,13033
2024-02-27,62200.0,62385.0,62180.0,62301.0,3226,12996
2024-02-28,62215.0,62360.0,62077.0,62249.0,3091,12889
2024-02-29,62270.0,62688.0,62118.0,62567.0,4859,13237
2024-03-01,62567.0,63611.0,62403.0,63563.0,9438,14778
2024-03-04,63401.0,64575.0,63401.0,64462.0,7548,15964
2024-03-05,64331.0,65140.0,64331.0,64845.0,7937,16491
2024-03-06,64702.0,65250.0,64679.0,65178.0,5455,17041
2024-03-07,65205.0,65587.0,65180.0,65406.0,5986,17387
2024-03-08,65599.0,66356.0,65416.0,66023.0,6287,17862
2024-03-11,66023.0,66182.0,65900.0,66035.0,3772,17520
2024-03-12,65932.0,66044.0,65382.0,65481.0,7253,16548
2024-03-13,65520.0,66030.0,65450.0,65897.0,4036,16005
2024-03-14,65800.0,65843.0,65434.0,65595.0,3782,15148
2024-03-15,65659.0,65897.0,65510.0,65542.0,5135,13827
2024-03-18,65348.0,65700.0,65180.0,65608.0,4000,13317
2024-03-19,65609.0,65719.0,65375.0,65583.0,4335,12538
2024-03-20,65599.0,65856.0,65540.0,65750.0,4794,12157
2024-03-21,66100.0,66943.0,65852.0,66189.0,8744,10228
2024-03-22,66057.0,66301.0,65810.0,65858.0,6614,8453
2024-03-25,65858.0,66242.0,65858.0,66022.0,2268,7807
2024-03-26,65949.0,66439.0,65880.0,66114.0,5983,6055
2024-03-27,66198.0,66499.0,66018.0,66367.0,4701,3812
2024-03-28,66497.0,67850.0,66428.0,67677.0,6592,787
2024-04-01,68699.0,69487.0,68021.0,68289.0,688,284
2024-04-02,68700.0,69180.0,68545.0,68983.0,80,226
2024-04-03,69475.0,69999.0,69182.0,69778.0,142,130
2024-04-04,70100.0,70275.0,69750.0,70037.0,96,24
2024-04-05,69840.0,70899.0,69649.0,69492.0,15,17
2024-04-08,70999.0,71080.0,70443.0,70912.0,5935,23631
2024-04-09,71026.0,71739.0,70988.0,71340.0,6746,23557
2024-04-10,71438.0,71709.0,70819.0,71258.0,9845,23015
2024-04-11,71273.0,71682.0,71081.0,71644.0,2852,23313
2024-04-12,71999.0,73958.0,71704.0,71843.0,14099,22743
2024-04-15,72030.0,72366.0,71200.0,72277.0,10531,22291
2024-04-16,72829.0,73315.0,72290.0,73029.0,9177,22526
2024-04-17,73299.0,73299.0,72380.0,72523.0,6149,21958
2024-04-18,72498.0,72880.0,72353.0,72683.0,7835,21441
2024-04-19,72718.0,72955.0,72309.0,72806.0,9239,21118
2024-04-22,72127.0,72295.0,71160.0,71197.0,9739,19742
2024-04-23,71125.0,71210.0,70202.0,71029.0,10520,19458
2024-04-24,70987.0,71369.0,70730.0,71050.0,5693,19360
2024-04-25,70778.0,71580.0,70631.0,71214.0,7556,19417
2024-04-26,71212.0,71750.0,71212.0,71500.0,6829,19488
2024-04-29,71230.0,71698.0,71147.0,71602.0,5938,19542
2024-04-30,71300.0,71347.0,70380.0,70415.0,8685,18383
2024-05-01,70452.0,70921.0,70384.0,70725.0,5394,18567
2024-05-02,71278.0,71278.0,70301.0,70736.0,8872,18039
2024-05-03,70678.0,71129.0,70082.0,70668.0,9786,17132
2024-05-06,70849.0,71520.0,70849.0,71369.0,7077,17222
2024-05-07,71280.0,71398.0,70927.0,71148.0,5643,16394
2024-05-08,71163.0,71315.0,70901.0,71127.0,6422,15789
2024-05-09,71050.0,71708.0,70877.0,71639.0,9499,14732
2024-05-10,71730.0,72888.0,71730.0,72727.0,8552,14331
2024-05-13,72363.0,72414.0,71750.0,71855.0,7305,12674
2024-05-14,71936.0,72336.0,71832.0,72297.0,5698,12184
2024-05-15,72336.0,73145.0,72234.0,73102.0,10050,11741
2024-05-16,73128.0,73268.0,72734.0,72980.0,4621,11044
2024-05-17,72907.0,73782.0,72833.0,73711.0,7060,10682
2024-05-20,73900.0,74442.0,73607.0,74367.0,4588,10494
2024-05-21,73790.0,74325.0,73701.0,74021.0,7101,9678
2024-05-22,74026.0,74026.0,72976.0,73046.0,6845,8351
2024-05-23,72681.0,72681.0,71500.0,71577.0,8068,7413
2024-05-24,71468.0,71685.0,71211.0,71256.0,5068,6884
2024-05-27,71595.0,72126.0,71456.0,72009.0,5458,5970
2024-05-28,71993.0,72375.0,71762.0,72180.0,3579,4132
2024-05-29,72155.0,72438.0,71931.0,72193.0,4328,1515
2024-05-30,72132.0,72184.0,71634.0,71896.0,1527,482
2024-05-31,71848.0,72449.0,71761.0,71886.0,159,132
2024-06-03,71501.0,72099.0,71178.0,71730.0,56,91
2024-06-04,72144.0,72372.0,71617.0,71788.0,22,59
2024-06-05,72139.0,72522.0,71500.0,71717.0,21,22
2024-06-06,72879.0,73308.0,72638.0,73131.0,4981,16873
2024-06-07,73237.0,73516.0,71172.0,71353.0,13004,16038
2024-06-10,71149.0,71490.0,70751.0,71438.0,5729,15406
2024-06-11,71251.0,71709.0,71004.0,71490.0,4260,15218
2024-06-12,71523.0,72172.0,71421.0,71970.0,6518,15196
2024-06-13,71475.0,71750.0,70976.0,71138.0,8138,14804
2024-06-14,71263.0,72035.0,71158.0,71965.0,6700,15063
2024-06-17,71672.0,71783.0,71325.0,71450.0,3091,14746
2024-06-18,71575.0,71773.0,71175.0,71739.0,6290,14499
2024-06-19,71740.0,71886.0,71610.0,71732.0,2601,14559
2024-06-20,71880.0,72850.0,71806.0,72586.0,7628,15377
2024-06-21,72677.0,72867.0,71540.0,71584.0,9101,14498
2024-06-24,71716.0,71860.0,71531.0,71791.0,3476,14358
2024-06-25,71712.0,71917.0,71366.0,71467.0,5519,14165
2024-06-26,71518.0,71522.0,70882.0,71089.0,6281,14405
2024-06-27,70992.0,71695.0,70870.0,71572.0,5689,14210
2024-06-28,71422.0,71850.0,71402.0,71582.0,4844,14162
2024-07-01,71606.0,71875.0,71375.0,71654.0,5204,14067
2024-07-02,71684.0,71840.0,71432.0,71554.0,5304,14299
2024-07-03,71713.0,72573.0,71685.0,72403.0,7321,14223
2024-07-04,72412.0,72485.0,72237.0,72367.0,3097,13980
2024-07-05,72412.0,73149.0,72205.0,73051.0,6454,13773
2024-07-08,73038.0,73068.0,72130.0,72333.0,5343,13042
2024-07-09,72578.0,72634.0,72111.0,72398.0,4748,12577
2024-07-10,72530.0,72972.0,72500.0,72668.0,4797,12301
2024-07-11,72815.0,73333.0,72730.0,73311.0,7493,12859
2024-07-12,73204.0,73292.0,72919.0,73269.0,4855,12236
2024-07-15,73105.0,73737.0,73035.0,73471.0,4559,12256
2024-07-16,73657.0,74309.0,73531.0,74273.0,7430,13127
2024-07-17,74259.0,74731.0,74068.0,74137.0,4113,13007
2024-07-18,74364.0,74538.0,74050.0,74155.0,4563,12451
2024-07-19,73810.0,73866.0,72930.0,72990.0,8507,10735
2024-07-22,73161.0,73185.0,72501.0,72718.0,7001,10672
2024-07-23,72838.0,72850.0,68456.0,68510.0,27806,11357
2024-07-24,68790.0,69299.0,68652.0,68952.0,7620,9662
2024-07-25,68015.0,68105.0,67400.0,67462.0,10423,8423
2024-07-26,67990.0,68340.0,67666.0,68186.0,6219,4600
2024-07-29,68426.0,68670.0,68040.0,68268.0,6044,2027
2024-07-30,68273.0,68699.0,67945.0,68610.0,2329,572
2024-07-31,69117.0,69460.0,68950.0,69012.0,226,306
2024-08-01,69624.0,69940.0,69282.0,69654.0,148,167
2024-08-02,70200.0,70420.0,69445.0,70255.0,25,143
2024-08-05,70082.0,71499.0,69565.0,69586.0,5,76
2024-08-06,69437.0,69470.0,68703.0,68965.0,7678,18268
2024-08-07,69440.0,69440.0,68740.0,68965.0,4648,18057
2024-08-08,68896.0,69750.0,68810.0,69704.0,5620,17599
2024-08-09,69470.0,69995.0,69470.0,69895.0,4927,17267
2024-08-12,69719.0,70779.0,69714.0,70738.0,6437,17448
2024-08-13,70630.0,70920.0,70538.0,70699.0,5086,17490
2024-08-14,70579.0,71020.0,70035.0,70136.0,7516,16973
2024-08-16,70303.0,71475.0,70279.0,71375.0,9583,18072
2024-08-19,71458.0,71720.0,71181.0,71584.0,6065,17585
2024-08-20,71530.0,72272.0,71403.0,71777.0,8321,17709
2024-08-21,71857.0,72099.0,71470.0,71830.0,5838,17465
2024-08-22,71670.0,71884.0,70894.0,71194.0,8502,17109
2024-08-23,71474.0,71940.0,71302.0,71777.0,7320,16856
2024-08-26,71852.0,72251.0,71755.0,72039.0,5344,16968
2024-08-27,71898.0,72160.0,71740.0,72122.0,5061,17067
2024-08-28,71980.0,72075.0,71514.0,71743.0,6190,16569
2024-08-29,71880.0,72249.0,71700.0,72188.0,7884,16822
2024-08-30,71900.0,72199.0,71521.0,71611.0,7875,16069
2024-09-02,71512.0,71800.0,71426.0,71601.0,2902,15994
2024-09-03,71629.0,71765.0,71001.0,71381.0,7432,15701
2024-09-04,71400.0,71595.0,70913.0,71466.0,7052,15066
2024-09-05,71481.0,72120.0,71406.0,71917.0,7919,15362
2024-09-06,71961.0,72235.0,71220.0,71426.0,10407,15037
2024-09-09,71504.0,71700.0,71127.0,71628.0,5027,14542
2024-09-10,71695.0,71999.0,71580.0,71913.0,5122,14790
2024-09-11,72001.0,72225.0,71608.0,71927.0,7587,14800
2024-09-12,71918.0,72880.0,71870.0,72824.0,9844,15323
2024-09-13,73128.0,73613.0,73081.0,73515.0,6800,15459
2024-09-16,73600.0,73753.0,73370.0,73496.0,3892,14758
2024-09-17,73298.0,73598.0,72938.0,73094.0,6271,13717
2024-09-18,73199.0,73329.0,72989.0,73055.0,4226,13276
2024-09-19,72930.0,73620.0,72785.0,73438.0,9092,12635
2024-09-20,73619.0,74180.0,73457.0,74040.0,8217,12586
2024-09-23,74205.0,74417.0,73983.0,74295.0,8388,10356
2024-09-24,74353.0,75049.0,74350.0,75003.0,8585,8820
2024-09-25,75101.0,76000.0,75000.0,75313.0,5238,6413
2024-09-26,75344.0,75723.0,75152.0,75387.0,7813,4128
2024-09-27,75376.0,75434.0,74751.0,74858.0,4423,1841
2024-09-30,75374.0,75649.0,74660.0,74869.0,595,711
2024-10-01,75030.0,75889.0,74997.0,75666.0,69,180
2024-10-03,75520.0,75631.0,75170.0,75519.0,67,77
2024-10-04,75649.0,75833.0,75275.0,75409.0,35,30
2024-10-07,76005.0,76331.0,75840.0,76045.0,5299,15744
2024-10-08,75851.0,76120.0,74883.0,75161.0,9591,14575
2024-10-09,75171.0,75335.0,74844.0,74934.0,4766,14303
2024-10-10,75070.0,75413.0,74757.0,75297.0,4902,14088
2024-10-11,75660.0,76350.0,75660.0,76307.0,6228,14566
2024-10-14,76251.0,76467.0,75940.0,76046.0,4270,14439
2024-10-15,76026.0,76488.0,75766.0,76360.0,6315,14709
2024-10-16,76360.0,76890.0,76360.0,76664.0,5265,14968
2024-10-17,76861.0,77210.0,76620.0,77107.0,6230,15696
2024-10-18,77294.0,77839.0,77294.0,77749.0,6688,15833
2024-10-21,78077.0,78460.0,77868.0,78039.0,6552,15186
2024-10-22,78305.0,78689.0,78189.0,78656.0,5353,15026
2024-10-23,78477.0,78919.0,77613.0,77812.0,7696,14501
2024-10-24,78156.0,78491.0,77932.0,78327.0,5255,14709
2024-10-25,78048.0,78580.0,77836.0,78532.0,4818,14663
2024-10-28,78320.0,78586.0,78111.0,78566.0,5632,14197
2024-10-29,78643.0,79281.0,78630.0,79233.0,5205,14555
2024-10-30,79535.0,79775.0,79298.0,79736.0,5000,14921
2024-10-31,79616.0,79681.0,78243.0,78430.0,6290,13478
2024-11-01,78849.0,78950.0,78673.0,78867.0,1162,13567
2024-11-04,78541.0,78669.0,78238.0,78422.0,3581,13139
2024-11-05,78211.0,78687.0,78191.0,78507.0,4753,12354
2024-11-06,78331.0,78593.0,76367.0,76655.0,16734,10896
2024-11-07,76365.0,77459.0,76300.0,77411.0,6969,10605
2024-11-08,77380.0,77628.0,77025.0,77272.0,5775,9927
2024-11-11,76968.0,76968.0,75309.0,75351.0,11425,10589
2024-11-12,75541.0,75579.0,74619.0,74901.0,9952,10351
2024-11-13,75088.0,75320.0,74340.0,74482.0,6306,10388
2024-11-14,73995.0,74317.0,73300.0,74154.0,9958,10525
2024-11-15,74179.0,74284.0,73890.0,73946.0,2929,10758
2024-11-18,74420.0,75193.0,74349.0,75047.0,6681,9589
2024-11-19,75200.0,75860.0,75200.0,75587.0,7535,8846
2024-11-20,75537.0,76174.0,75416.0,76034.0,3852,8438
2024-11-21,76225.0,76765.0,76119.0,76693.0,7207,7109
2024-11-22,77120.0,77685.0,76951.0,77616.0,7105,6394
2024-11-25,77000.0,77000.0,75168.0,75311.0,10667,4814
2024-11-26,75376.0,75700.0,74852.0,75211.0,6848,4080
2024-11-27,75659.0,76102.0,75644.0,75760.0,5689,2659
2024-11-28,75501.0,76000.0,75443.0,75724.0,2792,1525
2024-11-29,76334.0,76595.0,76101.0,76374.0,1733,411
2024-12-02,76904.0,76904.0,75534.0,76079.0,140,291
2024-12-03,76079.0,76210.0,75900.0,75966.0,33,143
2024-12-04,76022.0,76266.0,75895.0,76043.0,9,13
2024-12-05,76231.0,76231.0,76168.0,76079.0,2,13
2024-12-06,76676.0,76842.0,76311.0,76619.0,5047,12420
2024-12-09,76748.0,77800.0,76611.0,77486.0,7851,13175
2024-12-10,77551.0,78367.0,77420.0,78338.0,7481,14384
2024-12-11,78400.0,79120.0,78210.0,79002.0,13280,15895
2024-12-12,78810.0,79035.0,77691.0,77969.0,9156,14420
2024-12-13,78086.0,78118.0,77052.0,77136.0,7754,13060
2024-12-16,77082.0,77399.0,76904.0,77061.0,4943,13194
2024-12-17,77090.0,77199.0,76486.0,76871.0,6578,12880
2024-12-18,76887.0,76997.0,76565.0,76653.0,3804,12857
2024-12-19,76450.0,76450.0,75459.0,75651.0,7410,13073
2024-12-20,75660.0,76680.0,75651.0,76420.0,5703,12823
2024-12-23,76399.0,76580.0,76002.0,76144.0,4411,12775
2024-12-24,76255.0,76349.0,76088.0,76270.0,3366,12566
2024-12-26,76521.0,76946.0,76521.0,76827.0,5014,12618
2024-12-27,76928.0,77172.0,76412.0,76544.0,5915,12779
2024-12-30,76714.0,76775.0,76018.0,76260.0,6175,12686
2024-12-31,76353.0,76830.0,76216.0,76748.0,5136,12294
2025-01-01,76772.0,76930.0,76660.0,76893.0,912,12309
2025-01-02,77000.0,77810.0,76965.0,77717.0,6807,12883
2025-01-03,77946.0,77947.0,77260.0,77317.0,4432,12620
2025-01-06,77317.0,77520.0,76563.0,77158.0,8022,11807
2025-01-07,77229.0,77840.0,77112.0,77531.0,7475,11608
2025-01-08,77440.0,78089.0,77369.0,77747.0,6519,11514
2025-01-09,77857.0,78254.0,77780.0,78104.0,4410,11418
2025-01-10,78302.0,78794.0,78066.0,78423.0,9326,11177
2025-01-13,78259.0,78766.0,78111.0,78166.0,5374,10488
2025-01-14,78204.0,78428.0,77965.0,78156.0,4052,10091
2025-01-15,78325.0,78736.0,78241.0,78710.0,4920,10324
2025-01-16,78700.0,79270.0,78700.0,79226.0,5778,10946
2025-01-17,79150.0,79194.0,78757.0,79023.0,4819,10576
2025-01-20,78882.0,79150.0,78421.0,78544.0,5270,9396
2025-01-21,78942.0,79299.0,78797.0,79224.0,4854,9176
2025-01-22,79328.0,79636.0,79292.0,79564.0,4632,8813
2025-01-23,79419.0,79665.0,79274.0,79626.0,4933,7861
2025-01-24,79700.0,80312.0,79700.0,80026.0,4941,6672
2025-01-27,79859.0,80151.0,79500.0,79578.0,6482,4825
2025-01-28,79631.0,80326.0,79608.0,80289.0,3781,3887
2025-01-29,80325.0,80730.0,80200.0,80280.0,4368,1976
2025-01-30,80566.0,81835.0,80414.0,81723.0,1791,870
2025-01-31,82039.0,82299.0,81771.0,81888.0,560,527
2025-02-01,81900.0,82544.0,81500.0,81971.0,22,517
2025-02-03,81799.0,83645.0,81799.0,83324.0,101,461
2025-02-04,83444.0,83877.0,83000.0,83586.0,35,110
2025-02-05,84362.0,84910.0,84000.0,83161.0,41,51
2025-02-06,84460.0,84845.0,83887.0,84444.0,7523,17126
2025-02-07,84653.0,85279.0,84433.0,84888.0,7673,17490
2025-02-10,85000.0,85950.0,85000.0,85816.0,6728,17726
2025-02-11,86306.0,86360.0,84828.0,85523.0,10876,16432
2025-02-12,84926.0,85665.0,84537.0,85481.0,8884,16417
2025-02-13,85700.0,86068.0,85650.0,85809.0,5154,16587
2025-02-14,86020.0,86358.0,84600.0,84687.0,11143,15384
2025-02-17,84946.0,85255.0,84719.0,85055.0,4394,15718
2025-02-18,85200.0,86140.0,85200.0,86113.0,6881,16640
2025-02-19,86058.0,86592.0,85860.0,85910.0,8647,15824
2025-02-20,86420.0,86560.0,85625.0,86024.0,8329,15994
2025-02-21,85715.0,86054.0,85470.0,86010.0,7071,16263
2025-02-24,85998.0,86515.0,85890.0,86184.0,7129,16398
2025-02-25,86325.0,86576.0,85225.0,85654.0,14497,15347
2025-02-26,85929.0,85929.0,85213.0,85874.0,4585,15676
2025-02-27,85733.0,85795.0,84879.0,85196.0,11345,15115
2025-02-28,84899.0,84915.0,84033.0,84219.0,12312,14040
2025-03-03,84511.0,85429.0,84511.0,85384.0,6568,13892
2025-03-04,85399.0,86329.0,85335.0,86026.0,7983,14327
2025-03-05,85931.0,86242.0,85399.0,85833.0,10273,14560
2025-03-06,86077.0,86145.0,85372.0,86034.0,7112,14837
2025-03-07,85740.0,86356.0,85691.0,85877.0,7676,15114
2025-03-10,85981.0,86139.0,85309.0,85419.0,8752,14206
2025-03-11,85603.0,86206.0,85510.0,86152.0,7059,14522
2025-03-12,86139.0,86729.0,85826.0,86686.0,7756,14831
2025-03-13,86816.0,87866.0,86521.0,87775.0,8811,14852
2025-03-14,87781.0,88310.0,87657.0,87991.0,3743,14416
2025-03-17,87831.0,88160.0,87692.0,88023.0,5787,13779
2025-03-18,88274.0,88852.0,88257.0,88726.0,6729,14015
2025-03-19,88796.0,89014.0,88437.0,88602.0,6795,13263
2025-03-20,89460.0,89796.0,88350.0,88706.0,7114,12413
2025-03-21,88431.0,88474.0,87323.0,87778.0,9706,10846
2025-03-24,87786.0,87928.0,87172.0,87278.0,7708,9191
2025-03-25,87384.0,87990.0,87359.0,87554.0,6573,7641
2025-03-26,87539.0,87898.0,87427.0,87638.0,7183,5835
2025-03-27,87785.0,88619.0,87785.0,88384.0,5788,3836
2025-03-28,88673.0,89060.0,88605.0,88806.0,5469,1041
2025-03-31,89400.0,90284.0,89400.0,90120.0,1031,390
2025-04-01,90654.0,91065.0,90130.0,90503.0,328,123
2025-04-02,91010.0,91100.0,90245.0,90853.0,85,93
2025-04-03,90749.0,91696.0,89130.0,89817.0,63,50
2025-04-04,89790.0,90660.0,87700.0,90216.0,29,17
2025-04-07,88000.0,88780.0,86710.0,86928.0,17916,14810
2025-04-08,87559.0,88444.0,87353.0,87648.0,11455,15073
2025-04-09,87998.0,90853.0,87998.0,89804.0,21081,17759
2025-04-10,91464.0,92400.0,90911.0,92033.0,11923,19415
2025-04-11,92463.0,93940.0,92463.0,93745.0,15929,20432
2025-04-14,93578.0,93578.0,92752.0,93252.0,4774,20408
2025-04-15,93496.0,93540.0,93020.0,93451.0,5165,20678
2025-04-16,94573.0,95740.0,94311.0,95661.0,13805,22449
2025-04-17,95661.0,95935.0,94279.0,95254.0,12714,21432
2025-04-21,96696.0,97390.0,96235.0,97279.0,12654,22823
2025-04-22,98753.0,99358.0,96563.0,97340.0,22631,20817
2025-04-23,96500.0,96500.0,94000.0,94722.0,24960,17353
2025-04-24,95580.0,96188.0,95173.0,95912.0,11978,18030
2025-04-25,95999.0,96239.0,94256.0,94992.0,13915,17371
2025-04-28,95000.0,96092.0,94145.0,96025.0,14152,17848
2025-04-29,95800.0,95800.0,95031.0,95592.0,11623,17162
2025-04-30,95353.0,95353.0,93674.0,94702.0,20014,16503
2025-05-01,93444.0,96300.0,92055.0,92339.0,11825,14840
2025-05-02,92835.0,93443.0,92370.0,92637.0,13312,14786
2025-05-05,93249.0,94850.0,92925.0,94649.0,10748,14888
2025-05-06,95200.0,97559.0,95200.0,97491.0,14300,15240
2025-05-07,96900.0,97380.0,96550.0,97090.0,9456,15218
2025-05-08,97323.0,97323.0,95381.0,96168.0,16122,14423
2025-05-09,96020.0,96741.0,95834.0,96518.0,8777,14355
2025-05-12,95500.0,95500.0,92389.0,92901.0,17666,12815
2025-05-13,92885.0,94180.0,92875.0,93647.0,11043,12407
2025-05-14,93143.0,93666.0,92022.0,92265.0,14208,11867
2025-05-15,91593.0,93446.0,90890.0,93169.0,19047,11079
2025-05-16,92859.0,93550.0,91615.0,92441.0,14962,10727
2025-05-19,93024.0,94031.0,92800.0,93297.0,10614,10158
2025-05-20,93001.0,94899.0,92810.0,94841.0,13466,10502
2025-05-21,95344.0,95705.0,95025.0,95599.0,10509,10524
2025-05-22,96214.0,96383.0,95201.0,95536.0,14202,9678
2025-05-23,95557.0,96550.0,95555.0,96421.0,11406,9951
2025-05-26,96001.0,96101.0,95507.0,95937.0,6968,8931
2025-05-27,95600.0,96064.0,94932.0,95143.0,9758,6718
2025-05-28,95287.0,95860.0,95000.0,95278.0,7101,4022
2025-05-29,94900.0,95734.0,94500.0,95389.0,6007,2038
2025-05-30,94951.0,95270.0,94400.0,94644.0,2018,816
2025-06-02,95227.0,97000.0,95200.0,96924.0,67,147
2025-06-03,96749.0,96973.0,96254.0,96525.0,81,118
2025-06-04,96811.0,97555.0,96600.0,97262.0,76,92
2025-06-05,97294.0,98205.0,96672.0,96908.0,73,52
2025-06-06,98248.0,98573.0,96857.0,97036.0,12838,13646
2025-06-09,96860.0,97290.0,96285.0,97173.0,8649,13182
2025-06-10,96600.0,97485.0,96276.0,96902.0,10534,13176
2025-06-11,97249.0,97655.0,96612.0,96704.0,11515,13012
2025-06-12,97650.0,98699.0,97284.0,98392.0,17378,15529
2025-06-13,99500.0,100681.0,99493.0,100276.0,15652,17267
2025-06-16,100470.0,101078.0,98825.0,99178.0,12783,15619
2025-06-17,98902.0,99650.0,98810.0,99541.0,9216,14932
2025-06-18,99372.0,99771.0,99110.0,99537.0,9159,14950
2025-06-19,99202.0,99565.0,98675.0,99329.0,10038,14601
2025-06-20,98847.0,99198.0,98431.0,99109.0,10507,14737
2025-06-23,99100.0,99830.0,98840.0,99388.0,12948,14786
2025-06-24,98807.0,98807.0,96422.0,97023.0,16856,13422
2025-06-25,97311.0,97520.0,97015.0,97357.0,6828,13529
2025-06-26,97600.0,97641.0,96562.0,97087.0,11022,13532
2025-06-27,96261.0,96501.0,94951.0,95470.0,16236,14897
2025-06-30,95492.0,96186.0,95380.0,96075.0,11190,13018
2025-07-01,96471.0,97650.0,96471.0,97251.0,10693,13286
2025-07-02,97242.0,97486.0,97000.0,97390.0,6436,12869
2025-07-03,97389.0,97780.0,96449.0,96782.0,11920,12083
2025-07-04,96735.0,97131.0,96735.0,96990.0,3855,12379
2025-07-07,96485.0,97330.0,96340.0,97270.0,7543,12476
2025-07-08,97172.0,97246.0,96012.0,96472.0,9293,12293
2025-07-09,96193.0,96566.0,95802.0,96461.0,7590,12048
2025-07-10,96548.0,96980.0,96444.0,96691.0,5942,11957
2025-07-11,97252.0,98076.0,97151.0,97818.0,11085,12456
2025-07-14,97967.0,98450.0,97590.0,97775.0,7625,11528
2025-07-15,97887.0,98080.0,97025.0,97211.0,8269,10720
2025-07-16,97222.0,98282.0,97089.0,97788.0,9773,10624
2025-07-17,97511.0,97549.0,96829.0,97473.0,8616,10606
2025-07-18,97320.0,98157.0,97320.0,98024.0,5632,10695
2025-07-21,98210.0,99491.0,98050.0,99328.0,10182,11300
2025-07-22,99300.0,100410.0,99101.0,100329.0,9260,11130
2025-07-23,100453.0,100555.0,99230.0,99417.0,11057,9270
2025-07-24,99118.0,99118.0,98283.0,98726.0,8558,7735
2025-07-25,98582.0,98627.0,97744.0,97819.0,9270,6236
2025-07-28,97852.0,98120.0,97280.0,97545.0,5914,4287
2025-07-29,97627.0,98412.0,97580.0,98261.0,6006,1716
2025-07-30,98500.0,98900.0,97899.0,98067.0,1748,474
2025-07-31,98106.0,98495.0,97900.0,98087.0,214,304
2025-08-01,97986.0,99121.0,97700.0,98787.0,32,277
2025-08-04,99171.0,100660.0,99171.0,100316.0,56,249
2025-08-05,100900.0,100900.0,99600.0,99015.0,22,8
2025-08-06,101329.0,101332.0,100660.0,101262.0,6686,14869
2025-08-07,101361.0,102155.0,100967.0,101468.0,12258,15765
2025-08-08,101950.0,102250.0,101372.0,101798.0,16815,16561
2025-08-11,101198.0,101199.0,100160.0,100322.0,13151,13510
2025-08-12,100396.0,100398.0,99746.0,100157.0,10620,12681
2025-08-13,100263.0,100616.0,100123.0,100185.0,6764,12901
2025-08-14,100297.0,100438.0,99663.0,99838.0,8915,12721
2025-08-18,99960.0,100086.0,99313.0,99401.0,5752,13267
2025-08-19,99466.0,99517.0,98607.0,98696.0,6921,13956
2025-08-20,98742.0,99410.0,98516.0,99304.0,6785,13791
2025-08-21,99159.0,99595.0,98915.0,99435.0,6540,13544
2025-08-22,99301.0,100449.0,99168.0,100384.0,10014,12634
2025-08-25,100195.0,100720.0,100195.0,100624.0,5066,13189
2025-08-26,100812.0,101206.0,100700.0,101089.0,7039,13445
2025-08-27,100858.0,101612.0,100858.0,101542.0,4316,14224
2025-08-28,101450.0,102125.0,101334.0,102100.0,9341,15887
2025-08-29,102146.0,104090.0,102069.0,103824.0,16915,16774
2025-09-01,104044.0,105937.0,104044.0,104785.0,8909,16954
2025-09-02,104850.0,105915.0,104558.0,105792.0,14752,17641
2025-09-03,106199.0,107226.0,105852.0,107195.0,11432,18953
2025-09-04,106500.0,106823.0,105800.0,106417.0,9939,18078
2025-09-05,106676.0,107807.0,106600.0,107728.0,11160,18445
2025-09-08,107456.0,108732.0,107101.0,108518.0,11541,18183
2025-09-09,108947.0,109840.0,108600.0,109033.0,14266,17731
2025-09-10,108744.0,109356.0,108668.0,108986.0,8966,17009
2025-09-11,108705.0,109186.0,108563.0,108981.0,11606,16588
2025-09-12,109352.0,109656.0,109122.0,109370.0,7077,15962
2025-09-15,109255.0,110330.0,108900.0,110179.0,9649,15570
2025-09-16,110277.0,110666.0,110000.0,110156.0,9357,14394
2025-09-17,109956.0,109956.0,109180.0,109822.0,8892,13908
2025-09-18,109180.0,109802.0,108690.0,109052.0,12496,12588
2025-09-19,109254.0,109910.0,109066.0,109847.0,7902,12069
2025-09-22,110402.0,112295.0,110202.0,112230.0,12617,10711
2025-09-23,112200.0,114179.0,112174.0,113836.0,16731,8852
2025-09-24,113500.0,113838.0,112504.0,112555.0,9066,6536
2025-09-25,112469.0,113250.0,112182.0,112629.0,10538,3349
2025-09-26,112625.0,113940.0,112511.0,113788.0,3473,914
2025-09-29,114300.0,115595.0,114300.0,115448.0,506,420
2025-09-30,116517.0,116900.0,114780.0,115866.0,198,209
2025-10-01,116890.0,116994.0,116434.0,116782.0,25,129
2025-10-03,116437.0,117520.0,115869.0,116044.0,49,103
2025-10-06,118900.0,120600.0,118900.0,120249.0,16933,15784
2025-10-07,120350.0,121250.0,119877.0,121111.0,18951,15964
2025-10-08,121945.0,123450.0,121878.0,123209.0,16893,15980
2025-10-09,122111.0,123677.0,120218.0,120493.0,25611,16582
2025-10-10,121001.0,122284.0,120023.0,121364.0,20095,16589
2025-10-13,123239.0,124852.0,123000.0,124629.0,16514,15705
2025-10-14,126041.0,126930.0,124243.0,126256.0,24874,15648
2025-10-15,126915.0,127740.0,126216.0,127210.0,16125,15905
2025-10-16,127604.0,130005.0,127450.0,129852.0,18323,15478
2025-10-17,131026.0,132294.0,125957.0,127008.0,40135,14817
2025-10-20,127817.0,130749.0,126655.0,130624.0,18768,14630
2025-10-21,128200.0,129482.0,126900.0,128271.0,4190,14313
2025-10-22,124423.0,124423.0,120515.0,121857.0,16930,13431
2025-10-23,122300.0,124600.0,122300.0,124104.0,12391,12885
2025-10-24,123587.0,124239.0,121400.0,123451.0,16095,12343
2025-10-27,122500.0,122890.0,120092.0,120957.0,15516,13007
2025-10-28,120106.0,120106.0,117628.0,119646.0,13046,12871
2025-10-29,119647.0,121640.0,119351.0,120666.0,12628,12784
2025-10-30,119125.0,121680.0,118665.0,121508.0,18063,13025
2025-10-31,121148.0,122325.0,120628.0,121232.0,16041,13019
2025-11-03,121435.0,122146.0,121165.0,121409.0,10668,13406
2025-11-04,120802.0,121160.0,119150.0,119797.0,13213,13335
2025-11-05,120002.0,120670.0,119900.0,120522.0,4467,13562
2025-11-06,120500.0,121550.0,120125.0,120613.0,9202,13489
2025-11-07,120839.0,121640.0,120551.0,121067.0,8896,12906
2025-11-10,121768.0,124157.0,121768.0,123970.0,11488,12558
2025-11-11,124595.0,125839.0,123417.0,123913.0,10389,12906
2025-11-12,124300.0,126699.0,123648.0,126465.0,13127,11986
2025-11-13,126344.0,127941.0,126182.0,126751.0,13337,11821
2025-11-14,126748.0,127048.0,121800.0,123561.0,18445,11814
2025-11-17,123114.0,123650.0,122172.0,122927.0,10773,11127
2025-11-18,122121.0,123037.0,120762.0,122640.0,11791,10829
2025-11-19,122799.0,124455.0,122270.0,123051.0,12423,10237
2025-11-20,122953.0,123760.0,122000.0,122727.0,10854,10392
2025-11-21,122373.0,124538.0,121546.0,124191.0,13688,9266
2025-11-24,122743.0,124055.0,122605.0,123854.0,8191,9031
2025-11-25,124789.0,125521.0,124460.0,124710.0,8316,8292
