date,open,high,low,close,bar_type_penfold,swing_point_penfold,swing_penfold,
2020-01-02,274,278.25,273.5,277.75,DB,278.25,high,high
2020-01-03,277.75,278.25,271.75,272.75,DB,,,
2020-01-06,272.5,274,269,271,DB,,,
2020-01-07,271.25,272,269.75,270.75,ISB,,,
2020-01-08,270.25,271.75,268.5,270.5,DB,268.5,low,low
2020-01-09,270,273.25,268.5,269.5,DB,273.25,high,high
2020-01-10,269.5,273,262.75,272,DB,262.75,low,low
2020-01-13,272.75,275.75,271.75,275.75,DB,,,
2020-01-14,275.5,276.75,274.5,275.25,DB,276.75,high,high
2020-01-15,275,276.5,272.75,273.75,DB,,,
2020-01-16,273.5,274,261.5,261.75,DB,261.5,low,low
2020-01-17,263.25,275.75,263,275.5,DB,,,
2020-01-21,275.25,275.5,270.5,273.75,ISB,,,
2020-01-22,273.75,277.25,273,275,DB,,,
2020-01-23,274.75,280.25,273.75,280,DB,280.25,high,high
2020-01-24,279.5,279.5,272.75,273.5,DB,,,
2020-01-27,270.5,271,263.5,266.75,DB,263.5,low,low
2020-01-28,268.75,273.25,264.75,272.75,DB,,,
2020-01-29,271.75,274.5,269,270.5,DB,274.5,high,high
2020-01-30,270.75,271,264.75,265.75,DB,,,
2020-01-31,267.75,269,265,267.5,ISB,,,
2020-02-03,266.75,268.25,262.75,265,DB,262.75,low,low
2020-02-04,264.5,269.75,264.5,268.5,DB,269.75,high,high
2020-02-05,267.75,269.5,265.75,267,ISB,,,
2020-02-06,266.5,268,262.25,265.5,DB,262.25,low,low
2020-02-07,266.5,271.25,266.25,269.75,DB,271.25,high,high
2020-02-10,269.5,269.75,265.25,268,DB,,,
2020-02-11,267.25,268.25,264.25,266,DB,264.25,low,low
2020-02-12,266,270,264.5,269.25,DB,270,high,high
2020-02-13,268.5,269,265.25,265.75,ISB,,,
2020-02-14,265.75,267.75,262.5,264,DB,262.5,low,low
2020-02-18,264.75,269.5,264.25,269.25,DB,269.5,high,high
2020-02-19,268.5,269,264.75,266.75,ISB,,,
2020-02-20,267,267.5,264.25,264.75,ISB,,,
2020-02-21,264.5,266.75,262.5,263.25,DB,,,
2020-02-24,262.5,262.5,256,258.75,DB,,,
2020-02-25,259.5,261.25,257.5,259,ISB,,,
2020-02-26,258.5,260.5,255,257,DB,,,
2020-02-27,256.25,256.5,248.75,250.5,DB,,,
2020-02-28,250.5,252.25,248.25,250.75,DB,248.25,low,low
2020-03-02,250.75,258.75,249.75,258,DB,,,
2020-03-03,259,267,258.5,263.75,DB,,,
2020-03-04,263.25,269.25,261.5,267.5,DB,269.25,high,high
2020-03-05,266.5,267,262,264.25,ISB,,,
2020-03-06,263.5,265.25,257.5,258.5,DB,,,
2020-03-09,252.75,257.75,249.25,255.25,DB,249.25,low,low
2020-03-10,257.25,262.25,256.5,260,DB,262.25,high,high
2020-03-11,259.75,260,254.75,257,DB,,,
2020-03-12,255.5,255.5,247.5,248.25,DB,,,
2020-03-13,247.75,254.25,246,248.25,DB,,,
2020-03-16,245,250.25,236.5,237.25,DB,,,
2020-03-17,237.75,239.25,225.25,226.5,DB,,,
2020-03-18,226.5,227.75,214.5,217.75,DB,214.5,low,low
2020-03-19,219,237.25,219,228,DB,,,
2020-03-20,229,239.25,224.75,226.25,DB,239.25,high,high
2020-03-23,222.75,228,220.75,226,DB,,,
2020-03-24,226,233,220.5,229.75,OSB,220.5,low,low
2020-03-25,230,235.25,228.25,231,DB,235.25,high,high
2020-03-26,230.75,231.75,226.25,231.25,DB,,,
2020-03-27,231,232.5,225,228.5,OSB,,,
2020-03-30,225.5,229.25,222.5,223.75,DB,,,
2020-03-31,224.25,227.25,216,223.25,DB,,,
2020-04-01,223.75,225.25,216,217.25,ISB,,,
2020-04-02,217.5,225.75,215.5,216,OSB,,,
2020-04-03,217,221,210.5,213.25,DB,,,
2020-04-06,212.25,214.25,208,210.25,DB,208,low,low
2020-04-07,210.5,218,210.5,214,DB,218,high,high
2020-04-08,214.5,216.5,210.75,212.5,ISB,,,
2020-04-09,213.25,216,210.5,214.25,ISB,,,
2020-04-13,214.75,216.5,209,214,OSB,,,
2020-04-14,213.75,214.5,208.25,208.5,DB,,,
2020-04-15,208.5,209.25,200,201.75,DB,,,
2020-04-16,201.25,205.5,200.25,202.25,ISB,,,
2020-04-17,202.25,208,202,204.75,ISB,,,
2020-04-20,205,205.75,196,196.75,DB,,,
2020-04-21,196.75,198.75,183.5,191.75,DB,183.5,low,low
2020-04-22,192.5,202.75,190.75,200,DB,,,
2020-04-23,199.5,206,197.5,201.75,DB,206,high,high
2020-04-24,201.75,203.25,194.5,198.25,DB,,,
2020-04-27,197.25,198.25,187.25,188.5,DB,,,
2020-04-28,188.5,191.75,185.75,187.25,DB,,,
2020-04-29,187,193.25,184.5,189.75,OSB,184.5,low,low
2020-04-30,190.25,197.5,187.75,195.25,DB,197.5,high,high
2020-05-01,194.75,195.5,190.75,193.75,ISB,,,
2020-05-04,192.25,192.5,187.5,190.75,DB,187.5,low,low
2020-05-05,190.5,193.75,189.25,192.25,DB,193.75,high,high
2020-05-06,193.25,193.5,188.5,189.5,DB,188.5,low,low
2020-05-07,189.25,195.75,189.25,193.25,DB,,,
2020-05-08,193.25,198.25,192.5,194.5,DB,,,
2020-05-11,196,198,192.5,193.75,ISB,,,
2020-05-12,193.5,199.25,189.75,197.5,OSB,,,
2020-05-13,197.25,197.25,193,193.5,ISB,,,
2020-05-14,193.5,194.5,190.75,192.75,ISB,,,
2020-05-15,193,195.75,192,194.5,ISB,,,
2020-05-18,195.25,197.25,193.25,196,ISB,,,
2020-05-19,196,200.75,195.75,196.5,DB,200.75,high,high
2020-05-20,196.5,196.75,192.5,194.75,DB,,,
2020-05-21,194.25,195.5,191.5,193,DB,,,
2020-05-22,193,194.25,191.25,193.25,DB,191.25,low,low
2020-05-26,192,198.25,191.75,194.25,DB,,,
2020-05-27,195.25,197,194.5,195.75,ISB,,,
2020-05-28,195.5,206,194.75,202.75,DB,206,high,high
2020-05-29,202.75,204.75,198.5,201,ISB,,,
2020-06-01,200.75,203,194.5,198.5,DB,194.5,low,low
2020-06-02,198.75,200.5,197.25,199.5,ISB,,,
2020-06-03,199.5,199.75,196.5,199.25,ISB,,,
2020-06-04,199.5,204.75,199.25,204.25,DB,,,
2020-06-05,204,207.75,203.5,206.5,DB,,,
2020-06-08,208.75,210,206.25,209,DB,210,high,high
2020-06-09,207.5,209.25,202,202.75,DB,,,
2020-06-10,202.5,203.25,199.5,201.5,DB,199.5,low,low
2020-06-11,201.25,206.25,200.5,205,DB,,,
2020-06-12,204.75,208.25,203.5,205.25,DB,208.25,high,high
2020-06-15,204.5,205.25,200.75,204.5,DB,200.75,low,low
2020-06-16,207,209.75,203.25,204.25,DB,209.75,high,high
2020-06-17,203.25,206.5,200.25,205.5,DB,200.25,low,low
2020-06-18,205,209,204,206.25,DB,209,high,high
2020-06-19,205,209,202.75,207.75,DB,,,
2020-06-22,207.25,207.5,203.25,203.5,ISB,,,
2020-06-23,202.75,202.75,196.5,200.25,DB,196.5,low,low
2020-06-24,199.75,204.25,199,199.5,DB,204.25,high,high
2020-06-25,198.75,199.5,190.25,192.5,DB,,,
2020-06-26,192,195,187.75,191.25,DB,187.75,low,low
2020-06-29,190.5,201,189.5,200.75,DB,,,
2020-06-30,199.5,217.75,198,213.5,DB,,,
2020-07-01,212.75,225.75,212.25,222.5,DB,225.75,high,high
2020-07-02,221.5,225.5,215,215.5,ISB,,,
2020-07-06,221.25,222,217.5,218.5,ISB,,,
2020-07-07,219,220,212.25,215.5,ISB,,,
2020-07-08,214.75,218.75,211,218.25,DB,211,low,low
2020-07-09,218,227,217.75,220.75,DB,227,high,high
2020-07-10,220.75,223.5,208.25,209.25,DB,,,
2020-07-13,206.5,206.5,198.75,200.75,DB,,,
2020-07-14,201.25,204,197.75,198,DB,,,
2020-07-15,198,200.75,194.75,198.25,DB,194.75,low,low
2020-07-16,198,205.25,198,202.25,DB,,,
2020-07-17,202.25,206.75,202.25,205,DB,206.75,high,high
2020-07-20,205,205.5,198,200.25,DB,,,
2020-07-21,199.75,199.75,194,194.75,DB,194,low,low
2020-07-22,195,200,194.25,199.5,DB,,,
2020-07-23,199.25,201.5,197,200,DB,,,
2020-07-24,200,201.75,197.5,198.25,DB,201.75,high,high
2020-07-27,197.25,199.5,195.25,197,DB,,,
2020-07-28,195,195.5,192,192,DB,,,
2020-07-29,192,193.5,187.25,187.5,DB,,,
2020-07-30,187.5,191.25,187.25,187.75,ISB,,,
2020-07-31,187.75,189.5,186.5,188,DB,186.5,low,low
2020-08-03,187,190.25,187,189.5,DB,190.25,high,high
2020-08-04,188.5,188.75,180.25,180.25,DB,,,
2020-08-05,181,183.25,181,183,ISB,,,
2020-08-06,182.5,184.75,181.5,183.25,ISB,,,
2020-08-07,183,183.75,179.25,179.75,DB,179.25,low,low
2020-08-10,179.5,183.75,179.5,182.5,ISB,,,
2020-08-11,183.25,187,182.25,183.5,DB,187,high,high
2020-08-12,183.25,187,180,186.5,DB,180,low,low
2020-08-13,187,199.5,186.75,197.25,DB,,,
2020-08-14,196.5,197.25,193.5,196.5,ISB,,,
2020-08-17,199,203,198.5,203,DB,,,
2020-08-18,202,204,197.75,199,OSB,204,high,high
2020-08-19,198,199.25,195.5,197,DB,,,
2020-08-20,196.25,197.75,192.75,196.5,DB,192.75,low,low
2020-08-21,196.75,199.75,196.25,199,DB,,,
2020-08-24,200,204.5,199.5,203.75,DB,,,
2020-08-25,207,213.5,206.75,212.75,DB,,,
2020-08-26,212,213.25,209.5,212.5,ISB,,,
2020-08-27,212.25,217.25,211,216.75,DB,,,
2020-08-28,215.75,218.25,213.25,217.5,DB,,,
2020-08-31,218.25,222.5,214.5,216,DB,222.5,high,high
2020-09-01,214.5,217,209.25,216.25,DB,209.25,low,low
2020-09-02,216.25,217.75,212.5,217,DB,217.75,high,high
2020-09-03,216.5,217.25,211.5,212,DB,211.5,low,low
2020-09-04,212.25,217.5,212,216.25,DB,,,
2020-09-08,216.25,221.75,214.75,220,DB,,,
2020-09-09,219,219.5,216.25,218.5,ISB,,,
2020-09-10,218.25,225,217.75,223.25,DB,,,
2020-09-11,223.25,227.75,222,226.75,DB,,,
2020-09-14,226.75,229.25,225.5,227.75,DB,229.25,high,high
2020-09-15,227.25,227.75,223.5,224.25,DB,,,
2020-09-16,223.75,230.25,220,230,OSB,220,low,low
2020-09-17,229.75,235.5,226.25,233.5,DB,,,
2020-09-18,232.5,237.5,231.5,236.75,DB,237.5,high,high
2020-09-21,235.75,236.5,226.5,228,DB,,,
2020-09-22,228,231.5,224,227.5,DB,,,
2020-09-23,226.5,228.5,224,226.75,ISB,,,
2020-09-24,226.25,226.5,221.25,221.75,DB,,,
2020-09-25,221.5,225.75,221.25,223.5,ISB,,,
2020-09-28,222.5,228,218.75,225,OSB,218.75,low,low
2020-09-29,225,226,219.25,223,ISB,,,
2020-09-30,222.5,241,220.25,237.25,DB,,,
2020-10-01,237.25,243.75,236.25,241,DB,243.75,high,high
2020-10-02,239.75,241.5,235.5,238,DB,235.5,low,low
2020-10-05,237,240.75,236,237.75,ISB,,,
2020-10-06,236.75,247.5,236.75,243.25,DB,,,
2020-10-07,242.75,250.25,242.25,247,DB,,,
2020-10-08,247.25,252.75,244.75,245.25,DB,,,
2020-10-09,245.25,256.5,244.75,253.25,DB,,,
2020-10-12,253.75,257.5,245.5,247.25,DB,,,
2020-10-13,247.25,251,246.25,249.5,ISB,,,
2020-10-14,249.25,255.75,246.25,254.75,ISB,,,
2020-10-15,254.25,262.5,251.75,262,DB,,,
2020-10-16,261.5,267.25,260,260.25,DB,267.25,high,high
2020-10-19,260,265,259,263.5,DB,259,low,low
2020-10-20,262.5,268,261.75,267,DB,,,
2020-10-21,266.5,273.5,266,272,DB,,,
2020-10-22,272,277.25,269,274.5,DB,,,
2020-10-23,273.25,278.25,272.25,277.5,DB,278.25,high,high
2020-10-26,277.5,278,271,276,DB,271,low,low
2020-10-27,275,280.5,273.75,274.25,DB,280.5,high,high
2020-10-28,273.25,273.5,258.75,259.75,DB,,,
2020-10-29,259.25,262.5,251.25,256.75,DB,251.25,low,low
2020-10-30,255.5,258.25,252.5,256.75,ISB,,,
2020-11-02,254.25,256,251.25,255.75,ISB,,,
2020-11-03,254.5,261.5,253.5,259.25,ISB,,,
2020-11-04,258.25,264.25,254.75,263.5,DB,,,
2020-11-05,263.25,275.5,262.25,267.5,DB,275.5,high,high
2020-11-06,267.25,270.25,264,265,ISB,,,
2020-11-09,264,268.25,260,265.75,DB,260,low,low
2020-11-10,265.25,285.5,264.5,281.25,DB,,,
2020-11-11,280.75,286.25,274.5,275.5,DB,286.25,high,high
2020-11-12,275.5,276.75,264.5,266.5,DB,,,
2020-11-13,265.75,271.5,262,268.75,DB,262,low,low
2020-11-16,267.25,275,267.25,274.5,DB,,,
2020-11-17,275.75,280.25,275.5,278.5,DB,,,
2020-11-18,277.25,286.75,276.75,284,DB,,,
2020-11-19,282.75,283.75,277,280.75,ISB,,,
2020-11-20,280.5,286.25,279.75,281.5,ISB,,,
2020-11-23,285.75,288,281.75,284.75,DB,288,high,high
2020-11-24,284,284.75,274.75,284,DB,274.75,low,low
2020-11-25,284.25,285.75,278.25,278.25,DB,,,
2020-11-27,278.75,286.25,276.5,284.5,OSB,,,
2020-11-30,286,290.25,275,276.75,OSB,290.25,high,high
2020-12-01,277.25,279.75,271,271.5,DB,,,
2020-12-02,271.5,275.5,265.25,274.5,DB,265.25,low,low
2020-12-03,274.75,278.25,272.75,277.25,DB,278.25,high,high
2020-12-04,276.75,277.5,270,271.25,DB,,,
2020-12-07,270.25,276,266,274.75,DB,266,low,low
2020-12-08,273.25,275.25,269.25,270.5,ISB,,,
2020-12-09,270.75,275.25,270.5,274.5,ISB,,,
2020-12-10,274.5,278.25,271.25,272,DB,278.25,high,high
2020-12-11,272.75,275.25,268.75,274.25,DB,268.75,low,low
2020-12-14,274.25,279.25,272,274.75,DB,279.25,high,high
2020-12-15,274.75,276,271.25,275.5,DB,271.25,low,low
2020-12-16,276,280,274.5,278,DB,,,
2020-12-17,277,283.75,275,283.25,DB,,,
2020-12-18,283,289.25,282.75,288.25,DB,,,
2020-12-21,288.75,291.5,281,290.75,OSB,,,
2020-12-22,290.75,295,288,294.25,DB,,,
2020-12-23,293.5,300.5,292.25,298,DB,,,
2020-12-24,297.5,302.25,297.25,301.75,DB,,,
2020-12-28,302.75,308.25,298.75,307.25,DB,,,
2020-12-29,306.5,318,304.25,316.75,DB,,,
2020-12-30,316.75,326.75,312.75,325.25,DB,,,
2020-12-31,324.75,336.5,323.75,334.75,DB,,,
2021-01-04,338,348.5,330.25,334.5,DB,,,
2021-01-05,335.25,346.75,333.25,342.5,ISB,,,
2021-01-06,343.25,353.5,342.25,345.75,DB,353.5,high,high
2021-01-07,345.75,346.75,338,344.75,DB,338,low,low
2021-01-08,344.75,350.25,343.25,347,DB,,,
2021-01-11,347.25,351.25,341,343,OSB,,,
2021-01-12,342.25,368,340,368,OSB,,,
2021-01-13,374.75,392.25,373,375.25,DB,392.25,high,high
2021-01-14,373.75,387.25,369.75,385,DB,,,
2021-01-15,384.75,387.25,378.5,382.25,ISB,,,
2021-01-19,382.25,385,374,376.75,ISB,,,
2021-01-20,375.75,377.25,363.5,372.75,DB,363.5,low,low
2021-01-21,371.75,382.25,370,375,DB,382.25,high,high
2021-01-22,373.25,373.5,350,351.25,DB,,,
2021-01-25,350.75,366.25,343.25,362.25,DB,343.25,low,low
2021-01-26,363.75,385,358.75,383,DB,,,
2021-01-27,383.25,394.5,380.25,384.75,DB,,,
2021-01-28,384,401.25,379.75,385.25,OSB,,,
2021-01-29,385.25,404.5,384,397.75,DB,,,
2021-02-01,399.75,406.5,389.75,400,DB,406.5,high,high
2021-02-02,400.5,403.25,391,393.75,ISB,,,
2021-02-03,394,403.25,387.25,402.75,DB,387.25,low,low
2021-02-04,402.75,408.75,397.75,400.75,DB,408.75,high,high
2021-02-05,399.25,403,396.25,399.25,DB,396.25,low,low
2021-02-08,399.5,416.5,399.5,414.5,DB,,,
2021-02-09,415.75,425,395.75,407,OSB,425,high,high
2021-02-10,406.75,407,382.5,385.25,DB,,,
2021-02-11,383,397.25,375.5,391.75,DB,375.5,low,low
2021-02-12,391.75,397,387.5,389.5,ISB,,,
2021-02-16,397.75,403.5,389.25,403,DB,,,
2021-02-17,402.75,405.5,398.25,403.75,DB,,,
2021-02-18,403.5,405.25,398.75,401,ISB,,,
2021-02-19,400,406.25,391.5,393.5,OSB,,,
2021-02-22,395,402.25,394.25,401.75,ISB,,,
2021-02-23,401.5,410.25,400.75,404.5,DB,410.25,high,high
2021-02-24,404.25,410,403,409,ISB,,,
2021-02-25,408.75,410,393,401.75,DB,,,
2021-02-26,400.75,401,392,399.5,DB,,,
2021-03-01,404.75,406.25,389,390.25,OSB,,,
2021-03-02,389.75,400.5,383.5,397,DB,,,
2021-03-03,396,396.25,384.75,387.25,ISB,,,
2021-03-04,387,393,381.25,384.5,DB,381.25,low,low
2021-03-05,383,399.5,382,397.5,DB,,,
2021-03-08,401.5,408.25,389,399,DB,408.25,high,high
2021-03-09,399,399.5,388.5,397.75,DB,,,
2021-03-10,397.25,397.75,383.25,386,DB,,,
2021-03-11,385,393.75,383.25,390.5,ISB,,,
2021-03-12,389.5,392.5,383,391,DB,383,low,low
2021-03-15,389,402.75,384.75,401.5,DB,,,
2021-03-16,401.5,407.5,398.75,406.25,DB,,,
2021-03-17,406,410.5,404,410,DB,410.5,high,high
2021-03-18,408.75,410,397.25,398.5,DB,397.25,low,low
2021-03-19,398.25,411,397.5,409.75,DB,411,high,high
2021-03-22,410,410.75,398.75,401,ISB,,,
2021-03-23,403.25,408,399.75,403.25,ISB,,,
2021-03-24,403,405.75,400.25,405.25,ISB,,,
2021-03-25,404.25,404.5,393.5,398.5,DB,393.5,low,low
2021-03-26,398.5,406,396,404.5,DB,406,high,high
2021-03-29,403.75,404,394.25,398.75,DB,,,
2021-03-30,398.25,399.5,385.75,391.25,DB,385.75,low,low
2021-03-31,390.25,416.25,388.25,416.25,DB,,,
2021-04-01,427,437,408.5,411.75,DB,437,high,high
2021-04-05,413.25,416.5,401.75,405.25,DB,401.75,low,low
2021-04-06,405.75,413.5,404.25,406.25,ISB,,,
2021-04-07,407.75,414.25,405.75,412.5,ISB,,,
2021-04-08,412.75,435,411.25,431.75,DB,,,
2021-04-09,431,447,427.5,429.25,DB,447,high,high
2021-04-12,429.75,438,419.25,421,DB,,,
2021-04-13,421,436.5,417.5,432,DB,417.5,low,low
2021-04-14,431.75,449.75,430.75,446,DB,,,
2021-04-15,446.25,453.5,439.75,442,DB,453.5,high,high
2021-04-16,442.5,446.75,435.25,437.5,DB,435.25,low,low
2021-04-19,440.75,448.75,440.25,444,DB,,,
2021-04-20,445,463.75,444.75,458.5,DB,,,
2021-04-21,461.5,480.5,456.5,477.5,DB,,,
2021-04-22,476.25,502.5,475.5,502.5,DB,,,
2021-04-23,505,510.5,490.25,507.5,DB,,,
2021-04-26,512.75,532.5,512.5,532.5,DB,,,
2021-04-27,535.25,559,521,529.5,DB,559,high,high
2021-04-28,529.5,545.75,504.5,519,DB,504.5,low,low
2021-04-29,515.5,528.5,510.5,523.25,ISB,,,
2021-04-30,523,548.25,520.25,548.25,DB,,,
2021-05-03,560,573,549,554.5,DB,,,
2021-05-04,556.25,579,551,571.75,DB,,,
2021-05-05,573,587,566.25,583.5,DB,,,
2021-05-06,584.5,597.5,580.5,593.75,DB,,,
2021-05-07,594,610.25,590.5,607.25,DB,610.25,high,high
2021-05-10,601.5,605.75,583.5,586.75,DB,,,
2021-05-11,586,607.5,578.25,597.25,OSB,,,
2021-05-12,598.75,606.25,578.5,589.75,ISB,,,
2021-05-13,587.75,589,549.75,549.75,DB,,,
2021-05-14,545,562,516.75,518.75,DB,,,
2021-05-17,517.25,531.75,508,527.5,DB,508,low,low
2021-05-18,528.5,544.5,527.5,533.25,DB,544.5,high,high
2021-05-19,535.5,538,512,533.25,DB,512,low,low
2021-05-20,537.25,546.25,531.5,539.5,DB,546.25,high,high
2021-05-21,539.75,541.75,528.5,534.5,DB,,,
2021-05-24,527.25,533.5,520.5,532.25,DB,,,
2021-05-25,535,536.75,492.25,495.25,OSB,,,
2021-05-26,496,504,477.75,499.5,DB,477.75,low,low
2021-05-27,501,539.5,496.25,539.5,DB,,,
2021-05-28,541.25,547.75,526.25,531.75,DB,,,
2021-06-01,541,571.75,535.75,563.75,DB,571.75,high,high
2021-06-02,558.25,569.25,541,550,ISB,,,
2021-06-03,550.5,560,527.75,537,DB,527.75,low,low
2021-06-04,538.5,560.75,535.75,557.75,DB,,,
2021-06-07,570,581.25,549.5,554.25,DB,581.25,high,high
2021-06-08,557,573,552.5,555,ISB,,,
2021-06-09,557.5,570.5,544.5,565.75,DB,544.5,low,low
2021-06-10,566,592.5,562.75,574,DB,592.5,high,high
2021-06-11,574.5,578,548,559.5,DB,,,
2021-06-14,550.75,551.25,528,534.25,DB,,,
2021-06-15,537.75,543.5,521.75,542.5,DB,521.75,low,low
2021-06-16,545,562.75,538.75,548,DB,562.75,high,high
2021-06-17,547.75,549.25,508,508,DB,,,
2021-06-18,506,538.5,504.5,530.25,DB,504.5,low,low
2021-06-21,515.25,540,511,534.25,DB,,,
2021-06-22,537.75,543,528.75,534.75,DB,543,high,high
2021-06-23,535.5,541.25,534.25,539.25,ISB,,,
2021-06-24,539,539,525.75,528.25,DB,,,
2021-06-25,528.25,534.5,509,511.5,DB,509,low,low
2021-06-28,511.5,540.75,509.5,539.5,DB,,,
2021-06-29,541.25,551,533,540.5,DB,,,
2021-06-30,539.75,580.5,522,580.5,OSB,,,
2021-07-01,586.25,607.25,578.75,583,DB,607.25,high,high
2021-07-02,582.25,593,569.25,573.25,DB,,,
2021-07-06,551.25,551.25,533.25,533.25,DB,,,
2021-07-07,532.25,539.25,512.75,524,DB,,,
2021-07-08,526,531,515.75,518,ISB,,,
2021-07-09,518.25,519.25,502,510.75,DB,502,low,low
2021-07-12,509.5,527.5,508,526.5,DB,,,
2021-07-13,525,539.5,520.25,532.5,DB,,,
2021-07-14,532.25,553.25,528.25,549.5,DB,,,
2021-07-15,549.75,552.75,542.25,545.5,ISB,,,
2021-07-16,545.25,551.75,534.5,537.25,ISB,,,
2021-07-19,551.25,552.75,530,537.25,ISB,,,
2021-07-20,539.25,557.5,538.5,553,DB,,,
2021-07-21,553.25,560.25,549,553,DB,560.25,high,high
2021-07-22,552.75,553,536.25,545.75,DB,,,
2021-07-23,546,550.5,525.75,528.5,DB,,,
2021-07-26,530.5,532.5,518,531,DB,518,low,low
2021-07-27,535.25,545.25,525.5,530,DB,545.25,high,high
2021-07-28,535.25,535.5,526.25,530.5,ISB,,,
2021-07-29,530.5,540.25,527.75,539.25,ISB,,,
2021-07-30,538.25,539,527.75,528.25,ISB,,,
2021-08-02,528.5,540.5,521.5,540,OSB,521.5,low,low
2021-08-03,537,544.75,528,531.75,DB,544.75,high,high
2021-08-04,531.75,536.5,521.5,527,DB,521.5,low,low
2021-08-05,528,542,527,537,DB,542,high,high
2021-08-06,536.25,541.75,530,536.25,ISB,,,
2021-08-09,535.25,537.25,528.25,531.5,ISB,,,
2021-08-10,529.75,531.5,525.25,530.5,DB,525.25,low,low
2021-08-11,530,539.75,529.5,537.5,DB,,,
2021-08-12,536,570.75,529.75,548.25,DB,570.75,high,high
2021-08-13,548,556.25,540.25,549.5,ISB,,,
2021-08-16,549.5,553.25,542.25,546,ISB,,,
2021-08-17,548.75,550.75,537.5,539.5,ISB,,,
2021-08-18,540.25,544.75,537.75,543,ISB,,,
2021-08-19,541.75,541.75,528,531.25,DB,,,
2021-08-20,531.5,535.5,514.5,520,DB,,,
2021-08-23,517.25,525.5,512.75,519.25,DB,512.75,low,low
2021-08-24,520.75,527.75,518.25,525.75,DB,,,
2021-08-25,525.75,536.25,522.5,532.5,DB,,,
2021-08-26,530.75,534.75,528.25,531.5,ISB,,,
2021-08-27,531.5,535.25,525,534.5,ISB,,,
2021-08-30,533.75,538.75,517.5,523.5,OSB,538.75,high,high
2021-08-31,523.5,526.25,506,515,DB,,,
2021-09-01,515.5,517,499,503.5,DB,,,
2021-09-02,503.5,509,497.5,506.25,DB,,,
2021-09-03,505.5,508.75,500.75,504.75,ISB,,,
2021-09-07,504.75,507,491,491.5,DB,,,
2021-09-08,491.5,497.5,488.5,491,DB,,,
2021-09-09,491,493.75,485,490.75,DB,,,
2021-09-10,490.75,504.75,478.25,498.25,OSB,478.25,low,low
2021-09-13,498.25,500.5,488.25,494,ISB,,,
2021-09-14,494.75,502.25,493.75,501,ISB,,,
2021-09-15,501.5,515.25,501.25,514.25,DB,,,
2021-09-16,514.25,518.25,508.75,510.25,DB,518.25,high,high
2021-09-17,509.75,511.25,502.5,508,DB,,,
2021-09-20,507.75,507.75,496,502.5,DB,,,
2021-09-21,502.75,503.5,493.5,497.75,DB,493.5,low,low
2021-09-22,497.75,507,496.75,506.25,DB,,,
2021-09-23,505.25,511.75,501,510,DB,,,
2021-09-24,509.25,509.5,504.75,507.5,ISB,,,
2021-09-27,505.5,520.75,504.75,520.25,DB,,,
2021-09-28,519.5,522.5,512.75,513.25,DB,,,
2021-09-29,514.25,521.75,514.25,519.75,ISB,,,
2021-09-30,519.75,529.25,508,517.5,OSB,529.25,high,high
2021-10-01,517.5,526,512.75,522.25,ISB,,,
2021-10-04,520.75,528.25,516.75,521.5,ISB,,,
2021-10-05,520.75,523.75,516,518.25,ISB,,,
2021-10-06,517.75,525.5,512.25,513,ISB,,,
2021-10-07,513.5,516,508.25,514.75,ISB,,,
2021-10-08,514,519.5,510.75,511.25,ISB,,,
2021-10-11,510.75,514.75,509.5,513.75,ISB,,,
2021-10-12,513.5,513.75,500,503.25,DB,,,
2021-10-13,503.75,506,487.5,493,DB,487.5,low,low
2021-10-14,493,499,491.75,497.5,ISB,,,
2021-10-15,497,509.25,495,506.5,DB,,,
2021-10-18,506.5,514.5,503.75,513.5,DB,,,
2021-10-19,512.75,517.75,510.25,511,DB,,,
2021-10-20,510.75,520.75,509.25,520,OSB,,,
2021-10-21,519.75,520.75,511.5,513,ISB,,,
2021-10-22,513.75,520.75,512.75,518.75,ISB,,,
2021-10-25,517.75,522.75,515.75,518.75,DB,,,
2021-10-26,518.75,528,513.75,524.25,OSB,,,
2021-10-27,523.25,544,520.25,538,DB,,,
2021-10-28,537.25,549.5,534.75,543.5,DB,,,
2021-10-29,543.25,550,539.5,549,DB,,,
2021-11-01,548.75,562.75,546,559.75,DB,,,
2021-11-02,559,566.75,552.75,553.75,DB,566.75,high,high
2021-11-03,552.75,554,543.75,544.75,DB,,,
2021-11-04,544.5,550.5,537.25,540,DB,,,
2021-11-05,540.75,543.5,533,533.75,DB,,,
2021-11-08,532.75,535.5,530.25,532.25,DB,,,
2021-11-09,531.75,544.75,528.5,535.5,OSB,528.5,low,low
2021-11-10,536.25,552.5,535.75,550,DB,,,
2021-11-11,548.5,559.75,546.75,550.25,DB,,,
2021-11-12,550,562.75,547.5,558,DB,,,
2021-11-15,557,559.5,550.5,557.25,ISB,,,
2021-11-16,556.75,558.25,550.75,551.75,ISB,,,
2021-11-17,551.5,564.75,550.75,556,DB,564.75,high,high
2021-11-18,555.75,563.75,552.75,553.75,ISB,,,
2021-11-19,553.75,556.75,548.75,551.5,DB,548.75,low,low
2021-11-22,551.25,559.75,550.5,557.5,DB,,,
2021-11-23,557,561.75,553.25,561.25,DB,,,
2021-11-24,561,569.75,556.25,560.5,DB,569.75,high,high
2021-11-26,551.5,568.25,547,566.75,DB,547,low,low
2021-11-29,567,569,554,557.25,DB,569,high,high
2021-11-30,557.5,558.25,537.5,542.5,DB,537.5,low,low
2021-12-01,543.75,551.25,542.25,546.5,ISB,,,
2021-12-02,546,556.5,544.5,551.75,ISB,,,
2021-12-03,551.75,561.75,550.25,559,DB,,,
2021-12-06,560,560.5,550.75,558.5,ISB,,,
2021-12-07,559,563.75,553.5,561,DB,,,
2021-12-08,560.5,564.5,558.25,562.25,DB,,,
2021-12-09,562,568.25,557.5,566.75,OSB,,,
2021-12-10,565.75,569,562,565,DB,569,high,high
2021-12-13,565,565.25,557.25,560,DB,,,
2021-12-14,560,569,556.5,565.25,OSB,556.5,low,low
2021-12-15,565,571.5,557,560.75,DB,,,
2021-12-16,562.5,567,559.5,566.25,ISB,,,
2021-12-17,566,573.75,564.25,568.25,DB,573.75,high,high
2021-12-20,570,570.75,562,566,DB,562,low,low
2021-12-21,566,574,564.5,573.25,DB,,,
2021-12-22,572.5,581.75,572,577.5,DB,,,
2021-12-23,576.5,582,575.5,580.75,DB,,,
2021-12-27,583.25,590.5,582,589.75,DB,,,
2021-12-28,589.25,592.75,578.75,579.75,OSB,592.75,high,high
2021-12-29,579,585.75,574.5,580.5,DB,,,
2021-12-30,580.5,581,567.75,571,DB,,,
2021-12-31,570.75,574.25,567.5,568.25,DB,,,
2022-01-03,574,578.5,559.75,564.25,OSB,559.75,low,low
2022-01-04,566.75,586.25,566.5,584.5,DB,586.25,high,high
2022-01-05,583.5,584.75,576.25,577.25,ISB,,,
2022-01-06,576.25,580.75,571,578.75,ISB,,,
2022-01-07,580.25,583.25,574,581.75,ISB,,,
2022-01-10,580.25,583,571.25,574.75,ISB,,,
2022-01-11,574.75,579.75,573,576,ISB,,,
2022-01-12,576,579,566,574,DB,,,
2022-01-13,574,574.75,560.25,562.5,DB,560.25,low,low
2022-01-14,562.5,573.25,560.25,571.25,ISB,,,
2022-01-18,567.75,575.75,563.25,574.5,DB,,,
2022-01-19,575,589.5,575,585.5,DB,,,
2022-01-20,584,589.25,581.25,586,ISB,,,
2022-01-21,582.5,593.5,579.25,591.25,OSB,,,
2022-01-24,592.5,596.5,584.25,596,DB,,,
2022-01-25,595,606,593.5,595,DB,606,high,high
2022-01-26,594,602.75,590,602,DB,590,low,low
2022-01-27,600,602.75,596.25,600.25,ISB,,,
2022-01-28,598.25,612.25,598,611,DB,,,
2022-01-31,610.75,617.5,597.5,601,OSB,617.5,high,high
2022-02-01,601,614.5,599.5,609.75,ISB,,,
2022-02-02,609.5,615.75,591.75,597.5,OSB,,,
2022-02-03,597.5,599.25,585.25,591.75,DB,585.25,low,low
2022-02-04,593.5,598.25,588.25,595.5,ISB,,,
2022-02-07,603.75,611.75,599.75,610.25,DB,,,
2022-02-08,611.5,611.75,602.25,607.25,ISB,,,
2022-02-09,607.25,622.75,605.5,621.75,DB,,,
2022-02-10,621,637.75,613.75,616.75,DB,637.75,high,high
2022-02-11,616,632.75,612.75,626,DB,,,
2022-02-14,626.25,631.75,617.5,630.75,ISB,,,
2022-02-15,630,630.5,610.5,613,DB,610.5,low,low
2022-02-16,612.75,622.75,611.25,622,ISB,,,
2022-02-17,620.5,627,617.75,625,ISB,,,
2022-02-18,623.5,633,622,629.25,DB,,,
2022-02-22,632.75,651.75,632.75,649.75,DB,,,
2022-02-23,649,660,644.25,658.75,DB,,,
2022-02-24,658.5,693.75,656.5,667.75,DB,693.75,high,high
2022-02-25,669.5,679.25,632.75,633.25,DB,632.75,low,low
2022-02-28,662.5,668.25,651,668.25,ISB,,,
2022-03-01,671.75,703.25,670.25,703.25,DB,,,
2022-03-02,707.5,725.25,689,702.5,DB,,,
2022-03-03,702.5,737.5,699.5,725.25,DB,,,
2022-03-04,732.5,760.25,711.25,731.75,DB,760.25,high,high
2022-03-07,751.75,757.75,713.75,728.25,ISB,,,
2022-03-08,727.5,738.25,706.25,730.5,DB,706.25,low,low
2022-03-09,730.75,737,708.5,710.5,ISB,,,
2022-03-10,710.25,743,706.5,733.25,OSB,,,
2022-03-11,731,742,721.5,740,ISB,,,
2022-03-14,739.5,745,717.5,725.75,OSB,745,high,high
2022-03-15,722.75,736.5,713.5,735.5,DB,,,
2022-03-16,734.25,734.5,704.25,707.5,DB,704.25,low,low
2022-03-17,707.5,735,706,732,DB,,,
2022-03-18,731.25,732.5,714,719.25,ISB,,,
2022-03-21,724,742.5,720.5,733.75,DB,,,
2022-03-22,734.25,738.5,721.5,730.5,ISB,,,
2022-03-23,729.75,748,726.5,735.25,DB,748,high,high
2022-03-24,734.5,740,722.5,725.75,DB,,,
2022-03-25,726,732.75,720,731.5,DB,,,
2022-03-28,726.5,727.75,718,726,DB,,,
2022-03-29,723.75,725,691,703.75,DB,691,low,low
2022-03-30,704.5,726.25,704.25,715.5,DB,,,
2022-03-31,716.75,747.5,710,726.25,DB,747.5,high,high
2022-04-01,726,729,707.75,712.5,DB,707.75,low,low
2022-04-04,714.5,729.75,712.25,728,DB,,,
2022-04-05,728.25,745.5,726.75,737.25,DB,745.5,high,high
2022-04-06,737.25,739,727.75,734,ISB,,,
2022-04-07,733.25,736.75,726,735.25,DB,726,low,low
2022-04-08,734.5,750.5,730.25,746.25,DB,,,
2022-04-11,744.5,755.5,739.5,742,DB,,,
2022-04-12,743,756.5,742.5,753.75,DB,,,
2022-04-13,752.5,763.75,744.75,761,DB,,,
2022-04-14,761,770.5,758.5,767.75,DB,,,
2022-04-18,768.5,794.25,767.75,790.75,DB,,,
2022-04-19,790.75,797.25,777.25,781.5,DB,797.25,high,high
2022-04-20,781,794,774.25,793.25,DB,,,
2022-04-21,791.5,791.75,775,776.75,ISB,,,
2022-04-22,776.25,785,761,770.5,DB,761,low,low
2022-04-25,774.25,779.5,762.25,777.75,ISB,,,
2022-04-26,779,789.5,773,781.25,DB,,,
2022-04-27,781.25,798.25,775.25,792,DB,,,
2022-04-28,792.25,799.5,788.25,793.25,DB,,,
2022-04-29,792.75,804.25,789.25,793.25,DB,804.25,high,high
2022-05-02,784.75,788.25,770.25,783.25,DB,770.25,low,low
2022-05-03,788.75,793.5,771.75,772.75,DB,793.5,high,high
2022-05-04,772.75,783.5,769.25,774,DB,,,
2022-05-05,774,781.75,770.75,777.25,ISB,,,
2022-05-06,776,776.5,756.25,764.5,DB,,,
2022-05-09,761,764.75,748.75,751.75,DB,748.75,low,low
2022-05-10,753.25,758.5,749,755,ISB,,,
2022-05-11,756.25,770.25,755.25,768.25,DB,,,
2022-05-12,768.25,780.5,762.5,771.25,DB,780.5,high,high
2022-05-13,770.25,776.75,757.25,761,DB,757.25,low,low
2022-05-16,774.75,790,772.5,789.25,DB,790,high,high
2022-05-17,787.75,789,777,780.5,ISB,,,
2022-05-18,780.5,782,757.75,761.25,DB,,,
2022-05-19,761.75,769.5,753,763,DB,,,
2022-05-20,761,761.75,754.25,758.5,ISB,,,
2022-05-23,760,767.75,754.25,766,ISB,,,
2022-05-24,764.75,766.75,741.75,751.5,DB,,,
2022-05-25,749.75,752.75,734.75,752,DB,734.75,low,low
2022-05-26,742.5,752.25,737.25,744.75,ISB,,,
2022-05-27,744.75,760.25,740.75,757,DB,760.25,high,high
2022-05-31,756.75,757,727,733.25,DB,,,
2022-06-01,733.5,736,700.25,711,DB,700.25,low,low
2022-06-02,711,719,706,710,ISB,,,
2022-06-03,710,715.75,705.5,706.75,ISB,,,
2022-06-06,712,724,711.25,722.25,ISB,,,
2022-06-07,718.75,744.75,714.75,736.75,DB,,,
2022-06-08,736.75,753.75,735.75,744.25,DB,,,
2022-06-09,744.25,762.5,737.75,752.75,DB,,,
2022-06-10,752,760.75,745.5,753,ISB,,,
2022-06-13,760.75,762,738.25,749,ISB,,,
2022-06-14,745.5,750.75,738.75,748,ISB,,,
2022-06-15,746.75,759.5,741.75,753.75,ISB,,,
2022-06-16,753.75,771.75,752.75,768,DB,,,
2022-06-17,767.25,779.75,762,764.25,DB,779.75,high,high
2022-06-21,757.25,758,732,740.5,DB,,,
2022-06-22,741.75,750.25,734.25,747.75,ISB,,,
2022-06-23,747,747,714.25,726.5,DB,,,
2022-06-24,724.75,742,714.75,730,ISB,,,
2022-06-27,715.25,719,701.25,708.5,DB,701.25,low,low
2022-06-28,713.25,722.75,709.5,717,DB,722.75,high,high
2022-06-29,714.5,719.5,709.5,711.25,ISB,,,
2022-06-30,711.25,712,675,676,DB,,,
2022-07-01,681,684,663.75,667,DB,,,
2022-07-05,663.25,663.5,629.75,639.5,DB,,,
2022-07-06,642.5,648.75,629.25,647,DB,629.25,low,low
2022-07-07,648.75,670.75,648.5,656.25,DB,,,
2022-07-08,657.75,683,656.25,680.5,DB,,,
2022-07-11,702.25,714.25,681.5,684.25,DB,714.25,high,high
2022-07-12,684.25,689,638.5,641.25,DB,,,
2022-07-13,641.25,660,632,647.25,DB,632,low,low
2022-07-14,649.5,660.25,642.75,652.25,DB,,,
2022-07-15,654,659.25,643.25,651.5,ISB,,,
2022-07-18,658,670.75,648.75,659.5,DB,670.75,high,high
2022-07-19,657.75,658.25,633,644,DB,,,
2022-07-20,642.75,647.75,636.25,639.5,ISB,,,
2022-07-21,640,640.75,620,623,DB,,,
2022-07-22,622.25,630,608.75,611.5,DB,608.75,low,low
2022-07-25,621.5,628,613.5,627.25,ISB,,,
2022-07-26,635,647,633.5,644.25,DB,,,
2022-07-27,644.25,651.5,639,647.5,DB,,,
2022-07-28,651,665.25,648.5,662.25,DB,,,
2022-07-29,662.25,679.25,658.75,663.5,DB,679.25,high,high
2022-08-01,667,668.75,641.5,654.25,DB,,,
2022-08-02,651.25,652.5,636.5,638.5,DB,,,
2022-08-03,634.25,644.25,630.25,638.75,DB,630.25,low,low
2022-08-04,638.75,654.25,633,649.5,DB,,,
2022-08-05,649.25,661.25,644.25,657.5,DB,,,
2022-08-08,650.25,663.25,649,655.75,DB,,,
2022-08-09,661.75,673.25,660.75,662.75,DB,,,
2022-08-10,662.25,679.75,660.25,668.5,OSB,,,
2022-08-11,668.25,678,666,676.5,ISB,,,
2022-08-12,676.5,687.75,663.25,687,OSB,687.75,high,high
2022-08-15,677.75,682.5,663.75,674,ISB,,,
2022-08-16,671.25,675.5,655.25,658.25,DB,655.25,low,low
2022-08-17,658.25,665.75,655.25,662.25,ISB,,,
2022-08-18,662.25,671.25,655.5,667,ISB,,,
2022-08-19,666.25,675,663.25,673.25,ISB,,,
2022-08-22,670,682.5,665.25,680.75,DB,,,
2022-08-23,684.25,714,683,707.25,DB,,,
2022-08-24,707,722.75,703,713,DB,722.75,high,high
2022-08-25,712.25,721.5,704,704.75,ISB,,,
2022-08-26,702.75,720.5,702,719,DB,702,low,low
2022-08-29,725,738.5,721,737.75,DB,738.5,high,high
2022-08-30,736,737.5,725.75,732,ISB,,,
2022-08-31,732.25,735.25,715.75,725.25,DB,,,
2022-09-01,724.75,727.5,708.75,712.75,DB,708.75,low,low
2022-09-02,712.75,724.25,711.25,720.5,ISB,,,
2022-09-06,720.5,731.25,716.25,730.75,DB,,,
2022-09-07,729.75,742.75,723.75,725.75,DB,742.75,high,high
2022-09-08,725.75,730,713.75,723.25,DB,713.75,low,low
2022-09-09,723.75,740.5,723.75,739.75,DB,,,
2022-09-12,736.25,754.25,730.5,750.75,DB,754.25,high,high
2022-09-13,750.25,753,743,747.5,ISB,,,
2022-09-14,745.5,747.5,736.25,737,ISB,,,
2022-09-15,736.5,744.75,731,732.25,ISB,,,
2022-09-16,731,735.25,722.25,732,DB,722.25,low,low
2022-09-19,730.5,734.75,723,733,ISB,,,
2022-09-20,732.5,748.25,732.25,746.75,DB,,,
2022-09-21,746.75,753.25,734,740.25,DB,753.25,high,high
2022-09-22,738.25,745.75,736.25,743,ISB,,,
2022-09-23,741.75,742.75,724.25,731.5,DB,,,
2022-09-26,728,733.75,720.25,721,DB,,,
2022-09-27,721,732.75,721,722.25,ISB,,,
2022-09-28,723,728,716.25,725.25,DB,716.25,low,low
2022-09-29,725.25,731.5,720.75,724.25,DB,,,
2022-09-30,724.25,751,724,732.25,DB,,,
2022-10-03,734.75,742.25,727.25,735.5,ISB,,,
2022-10-04,735.5,746.25,731.25,737.75,ISB,,,
2022-10-05,737.75,742.25,730.5,738.75,ISB,,,
2022-10-06,738.5,740.5,726.75,730.25,ISB,,,
2022-10-07,730.25,739.25,726.25,738,ISB,,,
2022-10-10,738.5,761.25,738.25,753,DB,761.25,high,high
2022-10-11,751.75,756.75,745.5,747.75,ISB,,,
2022-10-12,748,754.75,734.75,747.75,DB,,,
2022-10-13,747,754.25,738.75,752.5,ISB,,,
2022-10-14,751.75,754.25,743.25,744.5,ISB,,,
2022-10-17,743.75,747,736,738.25,ISB,,,
2022-10-18,737.75,738.5,729.25,735.75,DB,,,
2022-10-19,735.75,739.25,728.75,733,OSB,728.75,low,low
2022-10-20,732.75,741.75,731.5,738.75,DB,,,
2022-10-21,738.25,742.75,732.5,739,DB,742.75,high,high
2022-10-24,737,741.25,732,736.25,DB,732,low,low
2022-10-25,736.25,742.25,732.5,741,DB,,,
2022-10-26,739,744.5,738,739.75,DB,744.5,high,high
2022-10-27,739.75,744,734,737,DB,,,
2022-10-28,736,738.5,731,735.5,DB,731,low,low
2022-10-31,751.25,754.75,739,746.25,DB,754.75,high,high
2022-11-01,743.75,753.25,742,752.5,ISB,,,
2022-11-02,751.25,752,734.75,742.25,DB,,,
2022-11-03,740.75,741.25,733.25,734,DB,,,
2022-11-04,734,740,733.25,735.75,ISB,,,
2022-11-07,733.75,735.5,730,730.5,DB,,,
2022-11-08,730.5,731.75,721,722.25,DB,,,
2022-11-09,721.75,726.5,712.75,719.25,DB,,,
2022-11-10,719.25,722,707.5,708,DB,,,
2022-11-11,708.5,715.75,708.25,712.75,ISB,,,
2022-11-14,711.75,716.75,707,712,OSB,,,
2022-11-15,711.75,729.75,706,721.5,OSB,,,
2022-11-16,720,720.75,712.25,720,ISB,,,
2022-11-17,719.75,723,709.5,722.25,ISB,,,
2022-11-18,722.25,727.5,720,722.5,ISB,,,
2022-11-21,721.25,721.5,712,714.25,ISB,,,
2022-11-22,714.25,717.75,711,711.5,ISB,,,
2022-11-23,712.5,718.5,710.5,718,ISB,,,
2022-11-25,716,724.5,715.75,722.75,ISB,,,
2022-11-28,719.75,724,715.5,722.75,ISB,,,
2022-11-29,721.25,725.5,719.5,721,ISB,,,
2022-11-30,720.5,724,715.75,718.5,ISB,,,
2022-12-01,718.25,720.5,710.75,712,ISB,,,
2022-12-02,711.75,712,697.25,697.75,DB,,,
2022-12-05,698,700.5,689.25,692,DB,,,
2022-12-06,692,697,687.25,688.75,DB,,,
2022-12-07,689,697.25,686.5,692.75,OSB,686.5,low,low
2022-12-08,695,696.75,689.75,694,ISB,,,
2022-12-09,694,701.25,693.5,695.5,DB,,,
2022-12-12,696,706.75,696,705.5,DB,,,
2022-12-13,705.5,711.5,703.75,705,DB,711.5,high,high
2022-12-14,704.5,705,698.25,702,DB,698.25,low,low
2022-12-15,701.75,705.75,699.25,705,DB,,,
2022-12-16,705,707.25,701.5,704.5,DB,707.25,high,high
2022-12-19,702,702.25,695.5,698.75,DB,695.5,low,low
2022-12-20,699.25,705.75,698.25,703.5,DB,,,
2022-12-21,703,714.5,702.5,713.75,DB,,,
2022-12-22,713.5,716.25,710.25,712,DB,,,
2022-12-23,711,719.25,710.75,717.75,DB,,,
2022-12-27,720.5,727.25,718.75,726.25,DB,,,
2022-12-28,724.75,735,724.25,734.25,DB,,,
2022-12-29,733.25,733.75,728.75,731,ISB,,,
2022-12-30,731,736.5,728,730,OSB,736.5,high,high
2023-01-03,728.75,732.75,719.5,722,DB,,,
2023-01-04,722.25,723.25,704,705.25,DB,,,
2023-01-05,706,709.25,700,704.25,DB,700,low,low
2023-01-06,705.25,711,703.25,705.5,DB,711,high,high
2023-01-09,707,708.5,702.25,704.25,DB,,,
2023-01-10,703.25,715.5,699.75,706.5,OSB,699.75,low,low
2023-01-11,706,710.5,704.25,707.5,ISB,,,
2023-01-12,707.5,725,700.75,722.5,OSB,,,
2023-01-13,722.25,728.25,721.25,726.5,DB,,,
2023-01-17,723,738.5,720.25,736.75,OSB,,,
2023-01-18,735.75,740.25,729.5,732.75,DB,740.25,high,high
2023-01-19,731.5,736.75,727.5,728.75,DB,,,
2023-01-20,727,729.5,724,727.75,DB,,,
2023-01-23,725.5,726.25,712.75,717.75,DB,712.75,low,low
2023-01-24,718.5,729,717.75,728.5,DB,,,
2023-01-25,728.25,732.5,725.25,726.25,DB,,,
2023-01-26,725.5,737,724.5,734,OSB,,,
2023-01-27,733.25,737.5,729.75,734.5,DB,,,
2023-01-30,736.5,738.75,730,735.25,DB,,,
2023-01-31,735,740,729.5,731.25,OSB,740,high,high
2023-02-01,730.75,733.5,724.25,732.5,DB,724.25,low,low
2023-02-02,732.5,737.5,725.75,726.75,DB,737.5,high,high
2023-02-03,725.75,731.5,723,729,DB,,,
2023-02-06,728.75,730.75,723.75,730.5,ISB,,,
2023-02-07,728.5,730,725,725.5,ISB,,,
2023-02-08,725.25,731,724.25,730,ISB,,,
2023-02-09,729.75,732.5,721.75,722.25,OSB,,,
2023-02-10,722.25,734.25,720.75,732,OSB,720.75,low,low
2023-02-13,731.5,738,728.25,736.5,DB,,,
2023-02-14,735.5,739.75,733.25,733.75,DB,739.75,high,high
2023-02-15,733.5,734,727,727.75,DB,,,
2023-02-16,728,728.75,724.75,727.5,DB,724.75,low,low
2023-02-17,727.5,730.5,726.5,729.25,DB,,,
2023-02-21,730,734.5,727,732,DB,734.5,high,high
2023-02-22,731.5,733,725.25,725.5,DB,,,
2023-02-23,726,727.75,710,711.75,DB,,,
2023-02-24,712.5,714.5,701.5,701.75,DB,,,
2023-02-27,702.75,704.75,695.5,696,DB,,,
2023-02-28,695.75,699.25,682.5,682.75,DB,,,
2023-03-01,683.5,690.25,674.75,688.25,DB,674.75,low,low
2023-03-02,689.5,694,683.25,686.25,DB,,,
2023-03-03,686.5,695.25,684.75,692.25,DB,695.25,high,high
2023-03-06,691.5,692.75,686.5,689.5,ISB,,,
2023-03-07,690,691.25,685.75,686.75,ISB,,,
2023-03-08,687.5,690,677,678,DB,,,
2023-03-09,678,682.25,662.75,664,DB,,,
2023-03-10,665,671.5,659.25,669.75,DB,659.25,low,low
2023-03-13,671.5,672.75,661,666,DB,,,
2023-03-14,665.25,674.25,661.75,673.25,DB,,,
2023-03-15,676.25,681.5,671.75,679,DB,,,
2023-03-16,678.5,687.5,677.25,685.25,DB,,,
2023-03-17,685.75,691.25,682.75,686.75,DB,691.25,high,high
2023-03-20,685.5,686.5,677.5,685.5,DB,677.5,low,low
2023-03-21,685.25,690.75,681.25,682.5,DB,690.75,high,high
2023-03-22,683.75,688.5,675.75,686,DB,675.75,low,low
2023-03-23,685.5,696.5,679.75,684.25,DB,,,
2023-03-24,683.5,697.5,680,695.5,DB,,,
2023-03-27,695.5,701.25,689.5,700.75,DB,,,
2023-03-28,699.25,703.75,697,699.75,DB,,,
2023-03-29,698.75,708,698.25,703,DB,,,
2023-03-30,702.25,707.25,700.5,702,ISB,,,
2023-03-31,701.25,717,699.75,713,OSB,,,
2023-04-03,712,721,708.5,710.25,DB,721,high,high
2023-04-04,709.5,710,701,706.25,DB,,,
2023-04-05,706.25,712.5,699,705.25,OSB,,,
2023-04-06,704.75,705,694.25,696,DB,,,
2023-04-10,697,707.5,692.75,706.5,OSB,692.75,low,low
2023-04-11,706,710.25,699.25,703.5,DB,,,
2023-04-12,703.5,711,701.25,708.5,DB,,,
2023-04-13,708.5,714.25,704,704.75,DB,,,
2023-04-14,706.25,720.5,703.5,718.75,OSB,,,
2023-04-17,718.5,729.5,714.75,729,DB,,,
2023-04-18,728.5,735,722.25,730,DB,735,high,high
2023-04-19,728.25,732.5,723.5,724.75,ISB,,,
2023-04-20,724.5,726.5,714,716.25,DB,,,
2023-04-21,716.75,718,709,715.75,DB,,,
2023-04-24,715.75,720,701,703.75,OSB,,,
2023-04-25,703.75,705.5,694,699,DB,,,
2023-04-26,699.5,703.25,692,692.25,DB,,,
2023-04-27,693,693.75,671.75,672.75,DB,,,
2023-04-28,672.5,679,663.25,676.25,DB,663.25,low,low
2023-05-01,675.75,678.75,668.75,675.75,ISB,,,
2023-05-02,675.75,681.75,669.5,671.25,DB,681.75,high,high
2023-05-03,670.25,682,660.5,679.75,OSB,660.5,low,low
2023-05-04,679.75,683.25,670.25,680.25,DB,,,
2023-05-05,680,690.5,679.75,687.75,DB,,,
2023-05-08,687.75,691.25,685,687.75,DB,691.25,high,high
2023-05-09,686.25,686.25,672.25,676,DB,,,
2023-05-10,676.5,687.25,670.25,685.25,OSB,,,
2023-05-11,682.25,684,672,673.5,ISB,,,
2023-05-12,672.25,685,664,677.5,OSB,664,low,low
2023-05-15,672.75,690,672.75,683.75,DB,690,high,high
2023-05-16,683.25,684.25,669.5,672.5,DB,,,
2023-05-17,673,674,645.5,652.75,DB,,,
2023-05-18,652.5,653,638.25,646.5,DB,638.25,low,low
2023-05-19,646.25,663,642.75,645.75,DB,,,
2023-05-22,646,666.75,644.5,662.25,DB,,,
2023-05-23,661.5,672,655.25,668.75,DB,,,
2023-05-24,668.25,681,665.25,678.5,DB,,,
2023-05-25,678.75,684.25,674.75,682,DB,,,
2023-05-26,681.5,698,679.5,695.25,DB,698,high,high
2023-05-30,695,696.25,682.75,685.25,ISB,,,
2023-05-31,685.5,686,668.75,685.25,DB,668.75,low,low
2023-06-01,685.25,697.25,683,683.75,DB,,,
2023-06-02,683.75,701.75,672.5,700.25,OSB,,,
2023-06-05,700.25,705.25,686.25,688.75,DB,,,
2023-06-06,691,702,691,699.25,ISB,,,
2023-06-07,696.25,703.75,693,695.5,ISB,,,
2023-06-08,691.25,704.5,686.5,701.5,ISB,,,
2023-06-09,699.5,700.25,688.75,695.5,ISB,,,
2023-06-12,700.25,715,700,708.5,DB,,,
2023-06-13,708.25,716.25,702,703.75,DB,716.25,high,high
2023-06-14,701.5,710,692.75,699,DB,692.75,low,low
2023-06-15,699.25,717.75,698.5,714.5,DB,,,
2023-06-16,714.25,732.25,713.5,731.5,DB,,,
2023-06-20,732,738.25,726.75,735,DB,,,
2023-06-21,741.25,763.75,738.5,762.25,DB,763.75,high,high
2023-06-22,759.5,761.5,744.25,751.75,ISB,,,
2023-06-23,747,748.75,720.25,722,DB,,,
2023-06-26,727.25,733.75,708.5,721.25,DB,,,
2023-06-27,727.25,728,687.5,693.5,DB,,,
2023-06-28,695.25,695.75,666.25,668.5,DB,,,
2023-06-29,672,675.5,658.25,660.75,DB,,,
2023-06-30,662.5,669.5,623.75,625.75,DB,,,
2023-07-03,623.5,636.25,620.5,625.25,DB,,,
2023-07-05,635.25,635.5,616.25,622.5,DB,616.25,low,low
2023-07-06,625,638,621.75,636.25,DB,,,
2023-07-07,637.25,639.5,623.5,624.5,DB,639.5,high,high
2023-07-10,627.25,634.25,624.75,629.5,ISB,,,
2023-07-11,627.25,637,624.25,631.75,ISB,,,
2023-07-12,631,636.5,611.25,613.5,DB,611.25,low,low
2023-07-13,613.5,631.75,611.25,630.75,ISB,,,
2023-07-14,630.5,645.75,628.25,643.75,DB,,,
2023-07-17,649.25,657,633.5,636.5,DB,,,
2023-07-18,635,672,632.5,666,OSB,,,
2023-07-19,664,694.75,663,682.75,DB,694.75,high,high
2023-07-20,682.25,691.75,670.25,674.5,ISB,,,
2023-07-21,673.75,676,659.75,664.25,DB,659.75,low,low
2023-07-24,671.25,701.75,668.75,697.75,DB,701.75,high,high
2023-07-25,697,701,682.75,694.75,ISB,,,
2023-07-26,694.25,694.5,674,677.5,ISB,,,
2023-07-27,677.5,684.25,669.5,670.5,ISB,,,
2023-07-28,670.25,675.75,654,658.25,DB,,,
2023-07-31,653.5,653.5,635.75,641.25,DB,,,
2023-08-01,641.25,645.25,633.75,634.25,DB,,,
2023-08-02,634.5,649.5,623,625.5,OSB,,,
2023-08-03,623.5,627,617.5,618,DB,617.5,low,low
2023-08-04,619.75,630.75,617.5,621.5,DB,630.75,high,high
2023-08-07,622,625.75,613.25,619.5,DB,613.25,low,low
2023-08-08,619.25,626,614.5,623,DB,,,
2023-08-09,623,627.25,616.25,618.25,DB,,,
2023-08-10,618.75,622.75,617.25,620.5,ISB,,,
2023-08-11,620.25,632,607.75,611.75,OSB,632,high,high
2023-08-14,613.5,617,606,613,DB,,,
2023-08-15,611.25,611.25,599.25,601.25,DB,599.25,low,low
2023-08-16,600.25,610.25,599.25,606.75,ISB,,,
2023-08-17,607.25,612.25,602,610.25,DB,,,
2023-08-18,611,619.75,609.75,616.75,DB,,,
2023-08-21,623.25,630.25,605.25,606.5,OSB,630.25,high,high
2023-08-22,606.5,609.75,598.25,603.75,DB,598.25,low,low
2023-08-23,604.25,615.5,602.75,613.5,DB,,,
2023-08-24,613.5,617.75,605.75,609.5,DB,,,
2023-08-25,608.5,614.25,606.25,608,ISB,,,
2023-08-28,614.5,617.5,609.25,616.25,ISB,,,
2023-08-29,614.25,619.5,605.5,606.75,OSB,619.5,high,high
2023-08-30,606.75,611.75,599.5,600.75,DB,,,
2023-08-31,601,606.5,596.75,598.25,DB,596.75,low,low
2023-09-01,598,605.25,597.5,601.5,ISB,,,
2023-09-05,602.25,608.75,598.5,606,DB,,,
2023-09-06,608,610.25,603.25,605.75,DB,610.25,high,high
2023-09-07,605,608.5,603.25,606.25,ISB,,,
2023-09-08,606,608.75,602,603.75,OSB,,,
2023-09-11,603,606.75,600.75,605.75,DB,,,
2023-09-12,605,606.75,593.5,596.5,DB,,,
2023-09-13,596.5,602.75,594.5,602.25,ISB,,,
2023-09-14,602,604.75,598.25,600.5,ISB,,,
2023-09-15,600,603.5,595,596.25,ISB,,,
2023-09-18,595.25,598.75,589,591.5,DB,,,
2023-09-19,591.25,597,587.75,596.25,DB,587.75,low,low
2023-09-20,596,603,594.5,602.25,DB,603,high,high
2023-09-21,601,602.5,594,595.25,DB,,,
2023-09-22,595,598.5,594.25,597.25,ISB,,,
2023-09-25,595.25,602.5,593.75,601.25,OSB,593.75,low,low
2023-09-26,601,603.5,596.5,599.75,DB,,,
2023-09-27,599.75,606.75,599,603.25,DB,,,
2023-09-28,603.75,609.25,601,608.5,DB,,,
2023-09-29,607.5,610,595.5,596.75,OSB,,,
2023-10-02,597,609.75,596,608.75,ISB,,,
2023-10-03,608,609.25,604.25,607.5,ISB,,,
2023-10-04,607.5,609.75,602.5,606,ISB,,,
2023-10-05,606,618.5,602.5,617.5,DB,,,
2023-10-06,616,619,611.5,612,DB,619,high,high
2023-10-09,612,617,607.25,608.25,DB,,,
2023-10-10,608,608.25,604.25,605.5,DB,,,
2023-10-11,605.5,608.5,603.5,608,OSB,,,
2023-10-12,607.75,618.75,602.25,616,OSB,602.25,low,low
2023-10-13,615,618.75,610.5,613.25,ISB,,,
2023-10-16,613.5,616.75,609.5,610,ISB,,,
2023-10-17,610,612.75,607.75,609,ISB,,,
2023-10-18,608.5,614,608.5,612,ISB,,,
2023-10-19,612,625.5,610.25,625,DB,,,
2023-10-20,624,629.5,615,615.5,DB,629.5,high,high
2023-10-23,614.25,617,610.25,610.25,DB,,,
2023-10-24,610.75,611.5,602.75,604,DB,,,
2023-10-25,603.5,606,596.75,600,DB,,,
2023-10-26,600,604.25,597.5,599.25,ISB,,,
2023-10-27,599.25,604,598.25,600.75,ISB,,,
2023-10-30,600,604.25,597.5,598.25,ISB,,,
2023-10-31,598.25,603,597.5,598.75,ISB,,,
2023-11-01,598.75,600,592.5,595,DB,,,
2023-11-02,595,597,589.5,590,DB,,,
2023-11-03,590,601.25,588,597.25,OSB,,,
2023-11-06,597.25,600.75,596.75,597.25,ISB,,,
2023-11-07,597,597.5,588,588.5,ISB,,,
2023-11-08,589,600.5,588.5,596,ISB,,,
2023-11-09,595,596,586.5,588,DB,,,
2023-11-10,588,589,581.75,584,DB,,,
2023-11-13,583.25,597.75,581,597.25,OSB,581,low,low
2023-11-14,597,600,593,598.25,DB,,,
2023-11-15,597.75,600.5,587.25,590.75,OSB,600.5,high,high
2023-11-16,591,596.25,585.25,594.75,DB,,,
2023-11-17,594.5,595,586.75,587,ISB,,,
2023-11-20,587,590.25,584.5,589.5,DB,584.5,low,low
2023-11-21,589.25,595,588,590,DB,595,high,high
2023-11-22,588.75,593.75,587.75,588.75,DB,,,
2023-11-24,588,590.5,582.5,583.25,DB,,,
2023-11-27,584,585.75,573.75,576,DB,,,
2023-11-28,576,577.5,571.75,574.25,DB,,,
2023-11-29,574.25,578,571.25,576.5,OSB,571.25,low,low
2023-11-30,576,585.25,575.75,583.5,DB,,,
2023-12-01,582.75,590.25,579.5,585.5,DB,,,
2023-12-04,584.5,589.25,582,586.25,ISB,,,
2023-12-05,585.75,591.5,584.25,591.25,DB,,,
2023-12-06,590.5,594.5,584.25,585,DB,594.5,high,high
2023-12-07,584.75,590,583.75,588.75,DB,583.75,low,low
2023-12-08,588.25,592.75,584.75,586.25,DB,592.75,high,high
2023-12-11,587.25,588.25,580.5,582.25,DB,580.5,low,low
2023-12-12,582.75,588.75,582.5,586,DB,588.75,high,high
2023-12-13,584.75,585.75,578.25,580.25,DB,,,
2023-12-14,581.75,585,579.75,580,ISB,,,
2023-12-15,580,584.75,578.5,583.75,ISB,,,
2023-12-18,583.25,583.5,576.25,577.75,DB,,,
2023-12-19,578,579,572.25,573.5,DB,,,
2023-12-20,573.5,576.25,569,570.5,DB,569,low,low
2023-12-21,570.75,574.75,570,573.25,ISB,,,
2023-12-22,573.25,574.75,572.25,573.75,ISB,,,
2023-12-26,573.75,581.75,572.25,581,DB,581.75,high,high
2023-12-27,580.5,581,575.25,577.25,ISB,,,
2023-12-28,576.75,579.5,574.75,575,ISB,,,
2023-12-29,574.5,575.75,571.25,572,DB,,,
2024-01-02,571.25,571.5,563.25,564.5,DB,,,
2024-01-03,565.5,566.75,562.5,566,DB,562.5,low,low
2024-01-04,565.75,569.75,564.25,567.25,DB,569.75,high,high
2024-01-05,567.25,568.5,560.75,561.5,DB,,,
2024-01-08,561.75,563.25,552.75,555.75,DB,,,
2024-01-09,555.5,561.25,552.5,560,DB,552.5,low,low
2024-01-10,559.75,562.5,555.25,560.25,DB,562.5,high,high
2024-01-11,559.75,562.25,556.5,558.5,ISB,,,
2024-01-12,557.75,560.75,541.75,547.75,DB,,,
2024-01-16,548.5,552,542.75,544.25,ISB,,,
2024-01-17,544.25,549,540.75,543,DB,,,
2024-01-18,542.75,545.75,537.5,544.75,DB,537.5,low,low
2024-01-19,544.25,550.25,543.75,546.25,DB,,,
2024-01-22,546.25,548.75,544.75,546.5,ISB,,,
2024-01-23,546.5,551.25,544.75,547.25,DB,,,
2024-01-24,547.25,553.5,547,553,DB,,,
2024-01-25,552.25,554,548.25,552.5,DB,554,high,high
2024-01-26,551.75,552.5,546.25,547,DB,,,
2024-01-29,547,548.25,538.25,541,DB,,,
2024-01-30,540.5,549,537.25,548.5,OSB,537.25,low,low
2024-01-31,548,549.5,544,549,DB,,,
2024-02-01,548.75,548.75,544.25,548,ISB,,,
2024-02-02,547.25,549.5,542.75,543.5,OSB,549.5,high,high
2024-02-05,543.5,545.75,540.25,543.5,DB,,,
2024-02-06,543.5,546.25,539,539.5,OSB,,,
2024-02-07,539.25,540,533.5,535,DB,,,
2024-02-08,535.25,537.75,530.5,534,DB,,,
2024-02-09,533.75,537.75,529,529.75,DB,,,
2024-02-12,531,533.5,528.5,531.25,DB,528.5,low,low
2024-02-13,531,535.5,529.5,531.5,DB,535.5,high,high
2024-02-14,531.5,531.75,523,525,DB,,,
2024-02-15,524.75,525.75,518,518.5,DB,,,
2024-02-16,518.25,522.25,515.75,517.25,DB,,,
2024-02-20,517,522.25,515.5,519.5,DB,,,
2024-02-21,519.25,520.25,510.75,511.75,DB,,,
2024-02-22,510.75,516.25,505,506.75,DB,,,
2024-02-23,506.75,510,499.25,500.5,DB,,,
2024-02-26,500.5,509.5,495.75,508.5,DB,495.75,low,low
2024-02-27,508,513.5,508,510.5,DB,,,
2024-02-28,510.75,517.5,508.75,515.5,DB,,,
2024-02-29,516.25,519,510.75,516.5,DB,519,high,high
2024-03-01,516.25,518,509,511.75,DB,509,low,low
2024-03-04,511,520.5,511,517,DB,520.5,high,high
2024-03-05,517,518,512,513.25,ISB,,,
2024-03-06,513.25,516.5,510.25,515.75,DB,510.25,low,low
2024-03-07,515.75,525.75,515.25,525,DB,,,
2024-03-08,524.25,527,518.5,526.75,DB,,,
2024-03-11,525.5,530,520.25,528.75,DB,,,
2024-03-12,528,532,525,528.75,DB,532,high,high
2024-03-13,528.75,531.5,525.25,528.25,ISB,,,
2024-03-14,528,529.25,520,520.75,DB,,,
2024-03-15,520.75,527,518.75,523.75,DB,518.75,low,low
2024-03-18,524,527.5,521,523,DB,,,
2024-03-19,523.5,527,522,526.5,ISB,,,
2024-03-20,526,526.5,522.5,526,ISB,,,
2024-03-21,526,532.75,524.5,527.75,DB,532.75,high,high
2024-03-22,527.25,528.5,523,526.25,DB,,,
2024-03-25,526,528.25,524,524.75,ISB,,,
2024-03-26,524.25,527.75,519,519.5,DB,,,
2024-03-27,519,519.25,513.25,513.75,DB,513.25,low,low
2024-03-28,513.75,535,513,529,OSB,535,high,high
2024-04-01,528.75,529,519.25,522.5,ISB,,,
2024-04-02,522.75,523.75,511.5,513.5,DB,511.5,low,low
2024-04-03,515.25,520,512.75,518.75,ISB,,,
2024-04-04,519.25,523,516.75,522.25,ISB,,,
2024-04-05,522,525.5,519.25,521.25,DB,525.5,high,high
2024-04-08,520.75,524.5,518.5,522.5,DB,,,
2024-04-09,522,522.75,516.75,518.25,DB,,,
2024-04-10,518,522.75,517.75,521.25,ISB,,,
2024-04-11,521,524.5,514.5,515.75,OSB,,,
2024-04-12,515.25,524.5,514,522.5,DB,,,
2024-04-15,521.5,522,517.25,518.5,ISB,,,
2024-04-16,518.25,519.25,515.5,518,ISB,,,
2024-04-17,518,520,516.5,517.25,ISB,,,
2024-04-18,516.5,518,513.25,513.75,DB,513.25,low,low
2024-04-19,514.25,521,513.75,520.5,DB,,,
2024-04-22,519.25,528,518,526.75,DB,,,
2024-04-23,526.25,530.75,525.5,530,DB,,,
2024-04-24,529.75,531.5,524.25,524.75,OSB,531.5,high,high
2024-04-25,524.75,529,523,528,DB,523,low,low
2024-04-26,527.75,530,525.25,526,DB,530,high,high
2024-04-29,526,527.25,521.5,525.25,DB,,,
2024-04-30,525,526,520.5,522.75,DB,,,
2024-05-01,522.75,527.5,519.75,526.75,OSB,519.75,low,low
2024-05-02,526,536.5,525.75,535.75,DB,,,
2024-05-03,535.5,544,533.25,536.25,DB,,,
2024-05-06,535,546,530.25,545,OSB,,,
2024-05-07,544.5,548,542,543,DB,548,high,high
2024-05-08,543,543,533.5,534.5,DB,,,
2024-05-09,534.5,538,530.25,532.5,DB,530.25,low,low
2024-05-10,533,546,532.75,545.75,DB,,,
2024-05-13,544,551.5,541.5,548.5,DB,551.5,high,high
2024-05-14,547.75,551.5,542.5,543.5,ISB,,,
2024-05-15,543.75,549.25,537.5,538.5,DB,,,
2024-05-16,538.25,541.25,532,533,DB,,,
2024-05-17,533.25,536.5,527,528.5,DB,527,low,low
2024-05-20,528.75,539.5,528.25,536.5,DB,,,
2024-05-21,536,537.25,531,534,ISB,,,
2024-05-22,534.5,539.25,534,537.25,ISB,,,
2024-05-23,537.25,543.25,534.5,540,DB,,,
2024-05-24,540.5,542.75,536.75,540.75,ISB,,,
2024-05-28,543,547,536,538.5,OSB,547,high,high
2024-05-29,538.5,539,530.25,531.25,DB,,,
2024-05-30,531.25,533,523.5,524.75,DB,,,
2024-05-31,525,529.75,521.5,522.25,DB,,,
2024-06-03,521.75,525,515,519.5,DB,,,
2024-06-04,518.5,524.25,516,518.5,ISB,,,
2024-06-05,518.5,520.25,514.25,515.25,DB,514.25,low,low
2024-06-06,515.25,529.25,514.75,528,DB,,,
2024-06-07,528,530.25,520.25,524.75,DB,,,
2024-06-10,524.75,528.75,523.75,527.75,ISB,,,
2024-06-11,526.75,532.25,525,525.5,DB,532.25,high,high
2024-06-12,525,531,524.5,530.25,DB,524.5,low,low
2024-06-13,529.5,536.5,529.5,534.5,DB,536.5,high,high
2024-06-14,534,535.5,524,526,DB,,,
2024-06-17,524,526,519.25,519.75,DB,519.25,low,low
2024-06-18,520.25,528,519.75,526,DB,528,high,high
2024-06-20,524.25,525.5,515.25,515.75,DB,,,
2024-06-21,516,518.5,510.25,511,DB,,,
2024-06-24,511,512,501,509.5,DB,,,
2024-06-25,509.5,510.5,499.5,501.5,DB,,,
2024-06-26,501.25,505.75,494,495.25,DB,,,
2024-06-27,495.25,497.25,492,492.25,DB,,,
2024-06-28,492.25,498.75,469.25,477.25,OSB,,,
2024-07-01,477.25,479.75,470.75,476.75,ISB,,,
2024-07-02,477.75,483.5,475.5,477.75,ISB,,,
2024-07-03,477.5,479.5,473.75,475.25,ISB,,,
2024-07-05,475.25,482,474.75,480.25,ISB,,,
2024-07-08,479.25,479.75,461,463,DB,,,
2024-07-09,463.25,468.5,461.5,463.75,ISB,,,
2024-07-10,463.5,467.75,460.5,465.5,DB,460.5,low,low
2024-07-11,465,472.75,464.5,470,DB,,,
2024-07-12,469.75,474.5,460.75,471.75,OSB,474.5,high,high
2024-07-15,472.75,472.75,459.25,460.25,DB,459.25,low,low
2024-07-16,459.75,467.75,459.75,465.5,ISB,,,
2024-07-17,465.5,469.75,464.75,467.75,ISB,,,
2024-07-18,467.75,468.75,459.75,461,ISB,,,
2024-07-19,460.75,466,459.75,460.25,ISB,,,
2024-07-22,460.75,470.75,460.75,470,ISB,,,
2024-07-23,468.75,476.75,467,472.25,DB,,,
2024-07-24,471.25,479.25,468.75,473.5,DB,479.25,high,high
2024-07-25,472.75,478.5,471.75,475.75,ISB,,,
2024-07-26,475.5,476.25,463.75,464.25,DB,,,
2024-07-29,462.5,466.75,459.75,466,DB,,,
2024-07-30,465.75,466.5,457,458.5,DB,,,
2024-07-31,457.5,460.25,450.75,452.5,DB,,,
2024-08-01,452.25,453.75,447.75,451.75,DB,447.75,low,low
2024-08-02,452.75,457.5,451.5,456.25,DB,,,
2024-08-05,455.5,461.5,448.5,460.5,OSB,,,
2024-08-06,460.5,462.75,455.5,458.5,DB,462.75,high,high
2024-08-07,457.5,457.75,451.5,453,DB,,,
2024-08-08,452.75,456.25,448.25,449,DB,,,
2024-08-09,448.75,451,445,446.5,DB,,,
2024-08-12,446,455,442.25,453,OSB,,,
2024-08-13,452.5,454.75,446,447.5,ISB,,,
2024-08-14,447,451.75,445.75,450.75,ISB,,,
2024-08-15,450.5,453.25,444.25,444.75,ISB,,,
2024-08-16,444.25,445.5,437.5,440.25,DB,437.5,low,low
2024-08-19,440,448.25,439.75,447.75,DB,448.25,high,high
2024-08-20,447.5,448.25,444.5,444.75,ISB,,,
2024-08-21,444.5,447.75,443.75,445.25,ISB,,,
2024-08-22,445.25,446.25,440.5,441.25,ISB,,,
2024-08-23,440.75,443.75,437,437.5,DB,,,
2024-08-26,437.25,437.5,431.5,433,DB,431.5,low,low
2024-08-27,432.25,441,431.5,439.25,DB,,,
2024-08-28,438.75,440.5,435.25,437.25,ISB,,,
2024-08-29,436.5,442.75,435.75,442.5,DB,,,
2024-08-30,441.5,448.25,441,447.5,DB,,,
2024-09-03,447,456.5,445,455.75,DB,,,
2024-09-04,455.25,460,454,459.25,DB,460,high,high
2024-09-05,459.25,459.75,453.25,457.25,DB,453.25,low,low
2024-09-06,456.5,462.5,452,452.75,OSB,462.5,high,high
2024-09-09,452,454.5,449.75,453.75,DB,,,
2024-09-10,453.5,454,449.75,450.75,ISB,,,
2024-09-11,450.5,454,447.75,451.25,DB,,,
2024-09-12,451.25,456.25,443.5,452.5,OSB,443.5,low,low
2024-09-13,452.75,460.5,452.75,459.75,DB,,,
2024-09-16,459.5,459.5,455,457.25,ISB,,,
2024-09-17,456.5,459.5,455,459,ISB,,,
2024-09-18,458.5,461.5,457.5,459.25,DB,461.5,high,high
2024-09-19,458.75,459.5,451.75,452.25,DB,,,
2024-09-20,452.5,453.75,448,448.25,DB,,,
2024-09-23,448,460.75,447.75,460,OSB,447.75,low,low
2024-09-24,459.5,464.75,456.5,458.25,DB,464.75,high,high
2024-09-25,458.25,462,455,461.75,DB,455,low,low
2024-09-26,461.25,465.75,459,459.75,DB,,,
2024-09-27,459.5,466.25,457.25,464.5,OSB,,,
2024-09-30,463,474.25,462,471.25,DB,,,
2024-10-01,470,479,468.25,475.5,DB,,,
2024-10-02,475,480.75,475,479,DB,480.75,high,high
2024-10-03,478,479.75,474,474.75,DB,,,
2024-10-04,474,474,469.5,471.25,DB,,,
2024-10-07,470.5,473.5,467.75,472.5,DB,,,
2024-10-08,472.5,474.5,465.75,467.25,OSB,,,
2024-10-09,466.75,470,466.5,467.5,ISB,,,
2024-10-10,467.5,470.5,464.5,465,OSB,,,
2024-10-11,465,469.25,461.75,462.25,DB,,,
2024-10-14,461.5,461.75,454,454.75,DB,,,
2024-10-15,454.5,454.5,447,447.75,DB,,,
2024-10-16,447.75,453.25,447.5,451.25,ISB,,,
2024-10-17,451,454,445.5,453.25,OSB,445.5,low,low
2024-10-18,453.25,456,450.25,451.25,DB,,,
2024-10-21,450.25,458.25,449.5,456,OSB,,,
2024-10-22,455.5,463.5,454.75,463,DB,,,
2024-10-23,462.5,466.5,460.5,465.5,DB,,,
2024-10-24,465.25,470.5,464.75,468,DB,470.5,high,high
2024-10-25,467,467.5,461,461.75,DB,,,
2024-10-28,459.75,461.25,456.5,457.25,DB,,,
2024-10-29,456.5,461.25,456.5,460.25,ISB,,,
2024-10-30,459.75,460.75,457.5,458,ISB,,,
2024-10-31,458,459.25,455.75,457.25,DB,455.75,low,low
2024-11-01,457.25,462.25,457,461,DB,,,
2024-11-04,460.5,466.5,459.5,463,DB,,,
2024-11-05,462.75,466.25,461.75,465,ISB,,,
2024-11-06,464.5,473.25,460.75,472.75,OSB,,,
2024-11-07,472.25,475,468.75,474,DB,,,
2024-11-08,474,481.25,473.25,477.5,DB,481.25,high,high
2024-11-11,476.5,478.5,473,476.5,DB,473,low,low
2024-11-12,476.25,480,473.25,475,DB,480,high,high
2024-11-13,475,476.25,470.75,473,DB,,,
2024-11-14,472.5,474.5,464.75,465.5,DB,,,
2024-11-15,465.25,471.5,463.5,470.5,DB,463.5,low,low
2024-11-18,470.25,476,468.75,475.75,DB,,,
2024-11-19,475.25,478,473,473.75,DB,,,
2024-11-20,473.5,478.5,471.25,476.75,OSB,478.5,high,high
2024-11-21,476.5,478.5,472.75,473.25,ISB,,,
2024-11-22,473.25,476,471.5,472,ISB,,,
2024-11-25,471.75,472.75,468.75,471.25,DB,,,
2024-11-26,470.75,472.25,463.75,466.25,DB,463.75,low,low
2024-11-27,466,469.25,465.75,466.25,ISB,,,
2024-11-29,466.25,472,465.5,471.25,ISB,,,
2024-12-02,471.25,473.25,468,470.75,DB,,,
2024-12-03,471.25,474.25,469.25,470.5,DB,474.25,high,high
2024-12-04,470.25,471.75,467.75,468.25,DB,,,
2024-12-05,467.75,474.25,466.5,473.25,OSB,466.5,low,low
2024-12-06,473.25,478.75,472.75,478.25,DB,,,
2024-12-09,477.5,480.25,475.75,480,DB,,,
2024-12-10,479.25,488.25,479,487.25,DB,,,
2024-12-11,486.25,489.5,486,486.5,DB,489.5,high,high
2024-12-12,486,486.25,480.75,481.75,DB,,,
2024-12-13,481.75,482.5,478.25,480.25,DB,478.25,low,low
2024-12-16,479.5,484,479.5,483.25,DB,,,
2024-12-17,483.25,485,479.5,481.75,DB,485,high,high
2024-12-18,482,484.75,475.25,475.5,DB,,,
2024-12-19,475.25,479.25,474,479,DB,474,low,low
2024-12-20,478,485.75,477.75,484.5,DB,,,
2024-12-23,484.25,486.5,483.5,486,DB,,,
2024-12-24,485.5,487,485,486.75,DB,,,
2024-12-26,486.75,492.5,486.75,492,DB,,,
2024-12-27,491.5,493.25,490.5,492.25,DB,,,
2024-12-30,492,496.75,488,490.5,OSB,,,
2024-12-31,490.5,497.25,490.25,496.75,DB,,,
2025-01-02,495.5,498,494.5,497.75,DB,498,high,high
2025-01-03,497.75,498,487.5,489,DB,487.5,low,low
2025-01-06,489.75,498.5,489.75,496,DB,,,
2025-01-07,494.25,496.75,491.25,496.25,ISB,,,
2025-01-08,496,497.5,491.75,492.25,ISB,,,
2025-01-09,492.25,495.5,491.75,494.25,ISB,,,
2025-01-10,494.25,510.75,494,508.75,DB,,,
2025-01-13,508,515.25,507.5,514.75,DB,,,
2025-01-14,513.75,518,511.75,512.75,DB,518,high,high
2025-01-15,512.5,517.75,512.25,517,ISB,,,
2025-01-16,517,517.25,511.5,512.75,DB,511.5,low,low
2025-01-17,512.25,523.25,512.25,522.5,DB,,,
2025-01-21,522.5,528.75,520.75,528.25,DB,,,
2025-01-22,527.75,530.5,520.75,522.5,DB,,,
2025-01-23,522.5,532.75,518.75,528,OSB,532.75,high,high
2025-01-24,525.25,527.75,521.75,524.75,ISB,,,
2025-01-27,522.75,523,516,520.25,DB,516,low,low
2025-01-28,520.5,527.5,519.25,523.5,DB,,,
2025-01-29,523.25,535.75,523.25,535.25,DB,535.75,high,high
2025-01-30,534.5,535.25,528.25,528.5,ISB,,,
2025-01-31,526.5,527,517.5,520.25,DB,,,
2025-02-03,515,529.25,510.75,527,OSB,510.75,low,low
2025-02-04,526.25,535.5,525.5,532.75,DB,,,
2025-02-05,532.25,536.75,528,531.5,DB,536.75,high,high
2025-02-06,531.5,534.75,524.25,533.5,DB,,,
2025-02-07,533.75,534.75,523.75,525.75,DB,,,
2025-02-10,524,531,520.5,529.75,DB,520.5,low,low
2025-02-11,530,535.25,521.5,522.25,DB,535.25,high,high
2025-02-12,522,530.5,519.75,528.5,DB,519.75,low,low
2025-02-13,528,532.5,523.5,531.75,DB,,,
2025-02-14,531.25,538,530.75,534.5,DB,,,
2025-02-18,534.5,542.5,531.5,540.25,DB,,,
2025-02-19,540.25,542.75,534.5,535.75,DB,542.75,high,high
2025-02-20,536,541.5,535.75,536.25,ISB,,,
2025-02-21,536.25,537.75,528.25,529.5,DB,,,
2025-02-24,529,529.75,519.75,521.5,DB,,,
2025-02-25,522,523,513,518.75,DB,513,low,low
2025-02-26,519.5,524.5,516.75,518,DB,524.5,high,high
2025-02-27,518,520.75,504.5,505.5,DB,,,
2025-02-28,505.75,508.25,493.5,494,DB,,,
2025-03-03,494.25,497.25,479,480.75,DB,,,
2025-03-04,480.5,483.75,467,476,DB,467,low,low
2025-03-05,479,485,473,480.25,DB,,,
2025-03-06,481.5,498,477.25,488.5,DB,,,
2025-03-07,489.25,495.5,485.25,493.75,ISB,,,
2025-03-10,494,499.25,491,496.5,DB,,,
2025-03-11,496.5,502,493.5,494.75,DB,502,high,high
2025-03-12,493.75,496.5,480.75,485.25,DB,,,
2025-03-13,486,494.5,484,489.75,ISB,,,
2025-03-14,487.75,488,481,483,ISB,,,
2025-03-17,484.5,490,481.75,485.5,ISB,,,
2025-03-18,485.5,487,479.75,483.25,DB,479.75,low,low
2025-03-19,482.75,487.5,480.25,486.5,DB,,,
2025-03-20,486.5,494.75,486.5,493.5,DB,494.75,high,high
2025-03-21,491.75,494.25,485.75,488.75,DB,,,
2025-03-24,489.5,490.75,484,489,DB,,,
2025-03-25,489,489.25,481.5,482.25,DB,,,
2025-03-26,483.25,485.5,475.25,475.75,DB,,,
2025-03-27,476.25,477.25,471.75,474.5,DB,,,
2025-03-28,474.75,478.5,466.5,477.75,OSB,466.5,low,low
2025-03-31,477.5,483.75,468.5,481.75,DB,,,
2025-04-01,482.25,489.5,478.5,486.25,DB,489.5,high,high
2025-04-02,484.75,485.25,478.5,482.25,ISB,,,
2025-04-03,474.5,486.75,472,482,OSB,472,low,low
2025-04-04,482.25,487,473.75,484.75,DB,,,
2025-04-07,480.5,492,478.75,489,DB,,,
2025-04-08,489,494.25,487.25,493.5,DB,,,
2025-04-09,492.5,500,490.25,498.5,DB,,,
2025-04-10,497.75,508.5,497.5,507.5,DB,,,
2025-04-11,506.5,515.25,506.25,514.75,DB,515.25,high,high
2025-04-14,513.5,514.75,508.75,509.5,ISB,,,
2025-04-15,509.5,513.25,503.5,505.75,DB,,,
2025-04-16,505.75,511.5,503.75,508.75,ISB,,,
2025-04-17,507.75,511,506,506.75,ISB,,,
2025-04-21,507.75,511.75,505.75,506.25,ISB,,,
2025-04-22,506.25,507.5,499.5,500.25,DB,,,
2025-04-23,500.75,501.5,494.75,496.5,DB,494.75,low,low
2025-04-24,496.75,503,496.75,501.75,DB,,,
2025-04-25,501.5,505.25,501.25,503.25,DB,505.25,high,high
2025-04-28,501.5,503.5,494,501,DB,,,
2025-04-29,500.5,503,487.5,488,DB,,,
2025-04-30,488.5,496.25,486.25,493.25,DB,486.25,low,low
2025-05-01,492.75,497.75,487.75,490,DB,497.75,high,high
2025-05-02,490,494.75,486,486.75,DB,,,
2025-05-05,486.75,488.5,471,472,DB,,,
2025-05-06,472.5,475,470.25,473.25,DB,,,
2025-05-07,474.75,481.25,466.25,467,OSB,,,
2025-05-08,467.75,469.75,460,465.25,DB,460,low,low
2025-05-09,466.75,472.75,464.75,467.5,DB,,,
2025-05-12,470.75,476.5,463.5,465.75,OSB,476.5,high,high
2025-05-13,465.75,465.75,454.25,460.25,DB,454.25,low,low
2025-05-14,460.75,465.5,456.25,463.25,ISB,,,
2025-05-15,462.5,468.25,461.25,466.25,DB,,,
2025-05-16,466.75,469.25,460.5,461.25,OSB,,,
2025-05-19,461.25,467.5,460.75,465.25,ISB,,,
2025-05-20,464.5,473.25,462.5,472.25,DB,,,
2025-05-21,472.25,479.75,471.25,478.75,DB,,,
2025-05-22,477,482.5,474.25,480.75,DB,482.5,high,high
2025-05-23,480.5,482.25,472.75,477.25,DB,,,
2025-05-27,476.75,480.75,473.75,477.25,ISB,,,
2025-05-28,477.25,480.75,467.75,468.75,DB,,,
2025-05-29,470,470.75,461.25,464.75,DB,,,
2025-05-30,464.75,467.25,460.75,461.75,DB,,,
2025-06-02,461.75,468.75,455.5,456,OSB,,,
2025-06-03,456,460.25,452,456.25,DB,452,low,low
2025-06-04,456.25,463.75,455.25,456.5,DB,463.75,high,high
2025-06-05,456.25,460.5,451,457.25,DB,451,low,low
2025-06-06,456,462.75,452.75,460.25,DB,,,
2025-06-09,460,463.5,450.5,451.25,OSB,463.5,high,high
2025-06-10,451.25,457.25,447,456.5,DB,447,low,low
2025-06-11,456.75,462.5,453.75,454.75,DB,462.5,high,high
2025-06-12,454.25,459.5,453,456.25,DB,,,
2025-06-13,456,463,452.75,462.25,OSB,452.75,low,low
2025-06-16,461.75,464.25,449,452.5,OSB,464.25,high,high
2025-06-17,452.5,455.25,447.25,449.25,DB,,,
2025-06-18,449.25,452.25,447.75,451.25,ISB,,,
2025-06-20,450.75,452.75,446,446.5,OSB,,,
2025-06-23,447.75,448.5,435,437,DB,,,
2025-06-24,436.75,440.25,432.75,434,DB,,,
2025-06-25,433.25,435.25,425.75,428,DB,,,
2025-06-26,428,431.75,425.25,427,DB,425.25,low,low
2025-06-27,427.25,435.25,427.25,434.5,DB,,,
2025-06-30,434,436.75,428.5,432.25,DB,436.75,high,high
2025-07-01,431.25,431.75,423.25,429,DB,423.25,low,low
2025-07-02,428.75,441.75,425,441,DB,,,
2025-07-03,440.25,449.25,440.25,443.25,DB,449.25,high,high
2025-07-07,435.25,436,425.5,426.5,DB,,,
2025-07-08,426.5,426.75,419.75,421,DB,,,
2025-07-09,421,424,419.25,422.25,DB,,,
2025-07-10,422,423.5,419.25,422.25,ISB,,,
2025-07-11,421.5,424.5,417.5,419,OSB,,,
2025-07-14,417.5,424,414.25,423,DB,414.25,low,low
2025-07-15,422.5,429.25,418,424.25,DB,,,
2025-07-16,423,430.25,423,428.25,DB,,,
2025-07-17,428,430,423.25,425,ISB,,,
2025-07-18,426,434,425.5,431.5,DB,434,high,high
2025-07-21,429.5,431.75,423.25,426.75,DB,,,
2025-07-22,427.5,429,421.5,422.25,DB,,,
2025-07-23,422.25,424.75,420.25,421.5,DB,420.25,low,low
2025-07-24,421.25,427.25,421.25,424.75,DB,427.25,high,high
2025-07-25,424.5,426,421.25,422.5,ISB,,,
2025-07-28,422,423,415,416.75,DB,,,
2025-07-29,415,417.25,410.75,412.25,DB,410.75,low,low
2025-07-30,412,416.5,411.25,414.75,ISB,,,
2025-07-31,414.25,417.75,411,417,OSB,,,
2025-08-01,417,419.25,411.75,412.5,DB,419.25,high,high
2025-08-04,412.5,415.5,409.5,410,DB,,,
2025-08-05,409.25,409.75,403.5,404.5,DB,,,
2025-08-06,404,404.25,398,402.75,DB,398,low,low
2025-08-07,402.75,409,402.75,407.5,DB,,,
2025-08-08,407,412.25,405,405.75,DB,412.25,high,high
2025-08-11,405.5,410,403.5,408,DB,,,
2025-08-12,407.5,407.75,391.75,394.5,DB,391.75,low,low
2025-08-13,394.5,399,393.75,397,ISB,,,
2025-08-14,396.25,399.75,392.5,398,ISB,,,
2025-08-15,398.5,407.25,397.5,406.75,ISB,,,
2025-08-18,406,407.75,402.25,406,ISB,,,
2025-08-19,406,406,400.75,402.5,ISB,,,
2025-08-20,402.5,405.25,401.25,403,ISB,,,
2025-08-21,402.75,412.5,402.25,410.25,DB,,,
2025-08-22,410.25,412.25,408.5,411.25,ISB,,,
2025-08-25,412.25,417,411.25,412.25,DB,417,high,high
2025-08-26,412,414.5,408.5,409.5,DB,,,
2025-08-27,409.25,410,405.25,406,DB,,,
2025-08-28,406,411,403.5,410,OSB,403.5,low,low
2025-08-29,410,420.5,409.75,420.25,DB,,,
2025-09-02,418,423.5,414,423,DB,,,
2025-09-03,423,424.25,416.25,418,DB,424.25,high,high
2025-09-04,418,421,414.25,419.75,DB,414.25,low,low
2025-09-05,420,424.75,417.25,418,DB,424.75,high,high
2025-09-08,417,422.25,415,421.75,DB,415,low,low
2025-09-09,420.75,422.5,419,419.75,DB,422.5,high,high
2025-09-10,419.25,420,416.75,417,DB,,,
2025-09-11,417,421.25,416.5,419.75,OSB,416.5,low,low
2025-09-12,419.75,430.25,417,430,DB,,,
2025-09-15,426.25,428.5,422,423.25,ISB,,,
2025-09-16,423,431.25,423,429.5,DB,431.25,high,high
2025-09-17,428.75,431.25,425.5,426.75,ISB,,,
2025-09-18,426.5,428,423.5,423.75,ISB,,,
2025-09-19,424,429.75,422.25,424,OSB,,,
2025-09-22,424,424.75,418.25,421.75,DB,418.25,low,low
2025-09-23,421.75,426.5,418.75,426.25,DB,,,
2025-09-24,425,427.5,423.5,424.25,DB,,,
2025-09-25,423.75,428.25,423.5,425.75,DB,428.25,high,high
2025-09-26,425.25,425.75,421.25,422,DB,,,
2025-09-29,421,422.75,418.75,421.5,DB,,,
2025-09-30,421.25,421.5,414,415.5,DB,,,
2025-10-01,415.75,419.5,410.5,416.5,DB,410.5,low,low
2025-10-02,417.25,422.5,414.75,421.75,DB,,,
2025-10-03,420.75,423,418.5,419,DB,423,high,high
2025-10-06,419,422.5,417.25,421.75,DB,417.25,low,low
2025-10-07,421.5,424.5,419,419.75,DB,424.5,high,high
2025-10-08,419.25,422.75,418.5,422,DB,,,
2025-10-09,422,423.25,418,418.25,OSB,,,
2025-10-10,418.25,419.25,412.25,413,DB,,,
2025-10-13,413,415,410.5,410.75,DB,,,
2025-10-14,410.75,413.5,409.25,413,DB,409.25,low,low
2025-10-15,412.75,418.5,411.25,416.75,DB,,,
2025-10-16,416.75,423.5,416.25,421.75,DB,,,
2025-10-17,421.25,424.75,421,422.5,DB,424.75,high,high
2025-10-20,422.5,424,419.5,423.25,DB,,,
2025-10-21,423.25,424.5,418.5,419.75,OSB,418.5,low,low
2025-10-22,419.75,424,418.5,423,ISB,,,
2025-10-23,423,428.5,421,428,DB,,,
2025-10-24,427.25,427.5,423,423.25,ISB,,,
2025-10-27,427,431.75,426,428.75,DB,,,
2025-10-28,428,436.25,427.25,432,DB,,,
2025-10-29,431.25,435,430,434,ISB,,,
2025-10-30,434,437,427.75,430.25,OSB,437,high,high
2025-10-31,429.25,432.25,426.5,431.5,DB,426.5,low,low
2025-11-03,431,435,427.75,434.25,DB,,,
2025-11-04,434,434.5,429.25,431.5,ISB,,,
2025-11-05,430.5,436,428.75,435.25,OSB,436,high,high
2025-11-06,434.5,434.75,428.25,428.75,DB,,,
2025-11-07,428.5,430.5,426.75,427.25,DB,,,
2025-11-10,426.75,431.25,426.25,429.75,OSB,426.25,low,low
2025-11-11,429,432.75,428.5,432,DB,,,
2025-11-12,431.5,436,431,435.25,DB,,,
2025-11-13,434.75,442.75,434,441.5,DB,442.75,high,high
2025-11-14,441.5,442.75,429.5,430.25,DB,,,
2025-11-17,429.75,437.25,428.5,434.75,DB,428.5,low,low
2025-11-18,434.75,438.5,433.25,436.75,DB,438.5,high,high
2025-11-19,435.5,436.25,428.25,429.75,DB,,,
2025-11-20,429.75,431.25,425.75,426.5,DB,,,
2025-11-21,426.25,427.75,424,425.5,DB,,,
2025-11-24,426,426.5,422.25,423.75,DB,422.25,low,low